"institution_id","institution_name","acronym","state_branch","institution_type","parent_institution_id","territorial_level","region_code","region_name","commune_code","commune_name","policy_area_primary","legal_status","source_id","verification_status","last_verified","notes"
"CL-PRES","Presidencia de la República de Chile","","Poder Ejecutivo","Presidencia","","Nacional","","","","Gobierno y dirección del Ejecutivo","Constitucional","SRC-GOB","","","",""
"CL-CONG","Congreso Nacional de Chile","","Poder Legislativo","Congreso","","Nacional","","","","Legislación","Constitucional","SRC-BCN","","","",""
"CL-SEN","Senado de la República","","Poder Legislativo","Cámara legislativa","CL-CONG","Nacional","","","","Legislación y fiscalización","Constitucional","SRC-SENADO","","","",""
"CL-CAM","Cámara de Diputadas y Diputados","","Poder Legislativo","Cámara legislativa","CL-CONG","Nacional","","","","Legislación y fiscalización","Constitucional","SRC-CAMARA","","","",""
"CL-PJUD","Poder Judicial de Chile","","Poder Judicial","Poder del Estado","","Nacional","","","","Administración de justicia","Constitucional","SRC-PJUD","","","",""
"CL-CSUP","Corte Suprema de Chile","","Poder Judicial","Tribunal superior","CL-PJUD","Nacional","","","","Jurisdicción","Constitucional","SRC-PJUD","","","",""
"CL-CGR","Contraloría General de la República","CGR","Órgano autónomo","Órgano de control","","Nacional","","","","Control de legalidad y fiscalización","Constitucional autónomo","SRC-BCN","","","",""
"CL-BCCH","Banco Central de Chile","BCCh","Órgano autónomo","Banco central","","Nacional","","","","Política monetaria y estabilidad financiera","Constitucional autónomo","SRC-BCN","","","",""
"CL-SERVEL","Servicio Electoral de Chile","SERVEL","Órgano autónomo","Órgano electoral","","Nacional","","","","Administración electoral","Constitucional autónomo","SRC-BCN","","","",""
"CL-MP","Ministerio Público de Chile","","Órgano autónomo","Ministerio Público","","Nacional","","","","Persecución penal","Constitucional autónomo","SRC-BCN","","","",""
"CL-TC","Tribunal Constitucional de Chile","TC","Órgano autónomo","Tribunal constitucional","","Nacional","","","","Control de constitucionalidad","Constitucional autónomo","SRC-BCN","","","",""
"CL-TRICEL","Tribunal Calificador de Elecciones","TRICEL","Órgano autónomo","Tribunal electoral","","Nacional","","","","Justicia electoral","Constitucional autónomo","SRC-BCN","","","",""
"CL-MIN-SEG","Ministerio de Seguridad Pública","","Poder Ejecutivo","Ministerio","CL-PRES","Nacional","","","","","Seguridad pública","Ministerio","SRC-GOB","official_directory_complete","2026-09-19",""
"CL-MIN-HAC","Ministerio de Hacienda","","Poder Ejecutivo","Ministerio","CL-PRES","Nacional","","","","","Hacienda y finanzas públicas","Ministerio","SRC-GOB","official_directory_complete","2026-09-19",""
"CL-MIN-DEF","Ministerio de Defensa Nacional","","Poder Ejecutivo","Ministerio","CL-PRES","Nacional","","","","","Defensa","Ministerio","SRC-GOB","official_directory_complete","2026-09-19",""
"CL-MIN-MTT","Ministerio de Transportes y Telecomunicaciones","","Poder Ejecutivo","Ministerio","CL-PRES","Nacional","","","","","Transportes y telecomunicaciones","Ministerio","SRC-GOB","official_directory_complete","2026-09-19",""
"CL-MIN-INT","Ministerio del Interior","","Poder Ejecutivo","Ministerio","CL-PRES","Nacional","","","","","Gobierno interior y administración territorial","Ministerio","SRC-GOB","official_directory_complete","2026-09-19",""
"CL-MIN-SAL","Ministerio de Salud","","Poder Ejecutivo","Ministerio","CL-PRES","Nacional","","","","","Salud","Ministerio","SRC-GOB","official_directory_complete","2026-09-19",""
"CL-MIN-AGR","Ministerio de Agricultura","","Poder Ejecutivo","Ministerio","CL-PRES","Nacional","","","","","Agricultura y desarrollo rural","Ministerio","SRC-GOB","official_directory_complete","2026-09-19",""
"CL-MIN-DEP","Ministerio del Deporte","","Poder Ejecutivo","Ministerio","CL-PRES","Nacional","","","","","Deporte","Ministerio","SRC-GOB","official_directory_complete","2026-09-19",""
"CL-MIN-SEGEGOB","Ministerio Secretaría General de Gobierno","","Poder Ejecutivo","Ministerio","CL-PRES","Nacional","","","","","Comunicación de gobierno y participación","Ministerio","SRC-GOB","official_directory_complete","2026-09-19",""
"CL-MIN-MOP","Ministerio de Obras Públicas","","Poder Ejecutivo","Ministerio","CL-PRES","Nacional","","","","","Infraestructura y recursos hídricos","Ministerio","SRC-GOB","official_directory_complete","2026-09-19",""
"CL-MIN-MMEG","Ministerio de la Mujer y la Equidad de Género","","Poder Ejecutivo","Ministerio","CL-PRES","Nacional","","","","","Mujer y equidad de género","Ministerio","SRC-GOB","official_directory_complete","2026-09-19",""
"CL-MIN-CTCI","Ministerio de Ciencia, Tecnología, Conocimiento e Innovación","","Poder Ejecutivo","Ministerio","CL-PRES","Nacional","","","","","Ciencia, tecnología e innovación","Ministerio","SRC-GOB","official_directory_complete","2026-09-19",""
"CL-MIN-MINVU","Ministerio de Vivienda y Urbanismo","","Poder Ejecutivo","Ministerio","CL-PRES","Nacional","","","","","Vivienda y desarrollo urbano","Ministerio","SRC-GOB","official_directory_complete","2026-09-19",""
"CL-MIN-MINTRAB","Ministerio del Trabajo y Previsión Social","","Poder Ejecutivo","Ministerio","CL-PRES","Nacional","","","","","Trabajo y previsión social","Ministerio","SRC-GOB","official_directory_complete","2026-09-19",""
"CL-MIN-MMA","Ministerio del Medio Ambiente","","Poder Ejecutivo","Ministerio","CL-PRES","Nacional","","","","","Medio ambiente","Ministerio","SRC-GOB","official_directory_complete","2026-09-19",""
"CL-MIN-ENER","Ministerio de Energía","","Poder Ejecutivo","Ministerio","CL-PRES","Nacional","","","","","Energía","Ministerio","SRC-GOB","official_directory_complete","2026-09-19",""
"CL-MIN-MDSF","Ministerio de Desarrollo Social y Familia","","Poder Ejecutivo","Ministerio","CL-PRES","Nacional","","","","","Desarrollo social y familia","Ministerio","SRC-GOB","official_directory_complete","2026-09-19",""
"CL-MIN-SEGPRES","Ministerio Secretaría General de la Presidencia","","Poder Ejecutivo","Ministerio","CL-PRES","Nacional","","","","","Coordinación gubernamental y agenda legislativa","Ministerio","SRC-GOB","official_directory_complete","2026-09-19",""
"CL-MIN-JUST","Ministerio de Justicia y Derechos Humanos","","Poder Ejecutivo","Ministerio","CL-PRES","Nacional","","","","","Justicia y derechos humanos","Ministerio","SRC-GOB","official_directory_complete","2026-09-19",""
"CL-MIN-RREE","Ministerio de Relaciones Exteriores","","Poder Ejecutivo","Ministerio","CL-PRES","Nacional","","","","","Relaciones exteriores","Ministerio","SRC-GOB","official_directory_complete","2026-09-19",""
"CL-MIN-CULT","Ministerio de las Culturas, las Artes y el Patrimonio","","Poder Ejecutivo","Ministerio","CL-PRES","Nacional","","","","","Culturas, artes y patrimonio","Ministerio","SRC-GOB","official_directory_complete","2026-09-19",""
"CL-MIN-BBNN","Ministerio de Bienes Nacionales","","Poder Ejecutivo","Ministerio","CL-PRES","Nacional","","","","","Bienes nacionales","Ministerio","SRC-GOB","official_directory_complete","2026-09-19",""
"CL-MIN-ECO","Ministerio de Economía, Fomento y Turismo","","Poder Ejecutivo","Ministerio","CL-PRES","Nacional","","","","","Economía, fomento y turismo","Ministerio","SRC-GOB","official_directory_complete","2026-09-19",""
"CL-MIN-EDU","Ministerio de Educación","","Poder Ejecutivo","Ministerio","CL-PRES","Nacional","","","","","Educación","Ministerio","SRC-GOB","official_directory_complete","2026-09-19",""
"CL-MIN-MINERIA","Ministerio de Minería","","Poder Ejecutivo","Ministerio","CL-PRES","Nacional","","","","","Minería","Ministerio","SRC-GOB","official_directory_complete","2026-09-19",""
"CL-SUB-SEG","Subsecretaría de Seguridad Pública","","Poder Ejecutivo","Subsecretaría","CL-MIN-SEG","Nacional","","","","","","Subsecretaría","SRC-GOB-MIN","ministerial_structure_v0_1","2026-09-19","Estructura separada de la capa de servicios públicos."
"CL-SUB-SPD","Subsecretaría de Prevención del Delito","","Poder Ejecutivo","Subsecretaría","CL-MIN-SEG","Nacional","","","","","","Subsecretaría","SRC-GOB-MIN","ministerial_structure_v0_1","2026-09-19","Estructura separada de la capa de servicios públicos."
"CL-SUB-HAC","Subsecretaría de Hacienda","","Poder Ejecutivo","Subsecretaría","CL-MIN-HAC","Nacional","","","","","","Subsecretaría","SRC-GOB-MIN","ministerial_structure_v0_1","2026-09-19","Estructura separada de la capa de servicios públicos."
"CL-SUB-DEF","Subsecretaría de Defensa","","Poder Ejecutivo","Subsecretaría","CL-MIN-DEF","Nacional","","","","","","Subsecretaría","SRC-GOB-MIN","ministerial_structure_v0_1","2026-09-19","Estructura separada de la capa de servicios públicos."
"CL-SUB-FFAA","Subsecretaría para las Fuerzas Armadas","","Poder Ejecutivo","Subsecretaría","CL-MIN-DEF","Nacional","","","","","","Subsecretaría","SRC-GOB-MIN","ministerial_structure_v0_1","2026-09-19","Estructura separada de la capa de servicios públicos."
"CL-SUB-TRANS","Subsecretaría de Transportes","","Poder Ejecutivo","Subsecretaría","CL-MIN-MTT","Nacional","","","","","","Subsecretaría","SRC-GOB-MIN","ministerial_structure_v0_1","2026-09-19","Estructura separada de la capa de servicios públicos."
"CL-SUB-SUBTEL","Subsecretaría de Telecomunicaciones","","Poder Ejecutivo","Subsecretaría","CL-MIN-MTT","Nacional","","","","","","Subsecretaría","SRC-GOB-MIN","ministerial_structure_v0_1","2026-09-19","Estructura separada de la capa de servicios públicos."
"CL-SUB-INT","Subsecretaría del Interior","","Poder Ejecutivo","Subsecretaría","CL-MIN-INT","Nacional","","","","","","Subsecretaría","SRC-GOB-MIN","ministerial_structure_v0_1","2026-09-19","Estructura separada de la capa de servicios públicos."
"CL-SUB-SUBDERE","Subsecretaría de Desarrollo Regional y Administrativo","","Poder Ejecutivo","Subsecretaría","CL-MIN-INT","Nacional","","","","","","Subsecretaría","SRC-GOB-MIN","ministerial_structure_v0_1","2026-09-19","Estructura separada de la capa de servicios públicos."
"CL-SUB-SALPUB","Subsecretaría de Salud Pública","","Poder Ejecutivo","Subsecretaría","CL-MIN-SAL","Nacional","","","","","","Subsecretaría","SRC-GOB-MIN","ministerial_structure_v0_1","2026-09-19","Estructura separada de la capa de servicios públicos."
"CL-SUB-REDES","Subsecretaría de Redes Asistenciales","","Poder Ejecutivo","Subsecretaría","CL-MIN-SAL","Nacional","","","","","","Subsecretaría","SRC-GOB-MIN","ministerial_structure_v0_1","2026-09-19","Estructura separada de la capa de servicios públicos."
"CL-SUB-AGR","Subsecretaría de Agricultura","","Poder Ejecutivo","Subsecretaría","CL-MIN-AGR","Nacional","","","","","","Subsecretaría","SRC-GOB-MIN","ministerial_structure_v0_1","2026-09-19","Estructura separada de la capa de servicios públicos."
"CL-SUB-DEP","Subsecretaría del Deporte","","Poder Ejecutivo","Subsecretaría","CL-MIN-DEP","Nacional","","","","","","Subsecretaría","SRC-GOB-MIN","ministerial_structure_v0_1","2026-09-19","Estructura separada de la capa de servicios públicos."
"CL-SUB-SEGEGOB","Subsecretaría General de Gobierno","","Poder Ejecutivo","Subsecretaría","CL-MIN-SEGEGOB","Nacional","","","","","","Subsecretaría","SRC-GOB-MIN","ministerial_structure_v0_1","2026-09-19","Estructura separada de la capa de servicios públicos."
"CL-SUB-MOP","Subsecretaría de Obras Públicas","","Poder Ejecutivo","Subsecretaría","CL-MIN-MOP","Nacional","","","","","","Subsecretaría","SRC-GOB-MIN","ministerial_structure_v0_1","2026-09-19","Estructura separada de la capa de servicios públicos."
"CL-SUB-MMEG","Subsecretaría de la Mujer y la Equidad de Género","","Poder Ejecutivo","Subsecretaría","CL-MIN-MMEG","Nacional","","","","","","Subsecretaría","SRC-GOB-MIN","ministerial_structure_v0_1","2026-09-19","Estructura separada de la capa de servicios públicos."
"CL-SUB-CTCI","Subsecretaría de Ciencia, Tecnología, Conocimiento e Innovación","","Poder Ejecutivo","Subsecretaría","CL-MIN-CTCI","Nacional","","","","","","Subsecretaría","SRC-GOB-MIN","ministerial_structure_v0_1","2026-09-19","Estructura separada de la capa de servicios públicos."
"CL-SUB-MINVU","Subsecretaría de Vivienda y Urbanismo","","Poder Ejecutivo","Subsecretaría","CL-MIN-MINVU","Nacional","","","","","","Subsecretaría","SRC-GOB-MIN","ministerial_structure_v0_1","2026-09-19","Estructura separada de la capa de servicios públicos."
"CL-SUB-TRAB","Subsecretaría del Trabajo","","Poder Ejecutivo","Subsecretaría","CL-MIN-MINTRAB","Nacional","","","","","","Subsecretaría","SRC-GOB-MIN","ministerial_structure_v0_1","2026-09-19","Estructura separada de la capa de servicios públicos."
"CL-SUB-PREV","Subsecretaría de Previsión Social","","Poder Ejecutivo","Subsecretaría","CL-MIN-MINTRAB","Nacional","","","","","","Subsecretaría","SRC-GOB-MIN","ministerial_structure_v0_1","2026-09-19","Estructura separada de la capa de servicios públicos."
"CL-SUB-MMA","Subsecretaría del Medio Ambiente","","Poder Ejecutivo","Subsecretaría","CL-MIN-MMA","Nacional","","","","","","Subsecretaría","SRC-GOB-MIN","ministerial_structure_v0_1","2026-09-19","Estructura separada de la capa de servicios públicos."
"CL-SUB-ENER","Subsecretaría de Energía","","Poder Ejecutivo","Subsecretaría","CL-MIN-ENER","Nacional","","","","","","Subsecretaría","SRC-GOB-MIN","ministerial_structure_v0_1","2026-09-19","Estructura separada de la capa de servicios públicos."
"CL-SUB-SERSOC","Subsecretaría de Servicios Sociales","","Poder Ejecutivo","Subsecretaría","CL-MIN-MDSF","Nacional","","","","","","Subsecretaría","SRC-GOB-MIN","ministerial_structure_v0_1","2026-09-19","Estructura separada de la capa de servicios públicos."
"CL-SUB-EVSOC","Subsecretaría de Evaluación Social","","Poder Ejecutivo","Subsecretaría","CL-MIN-MDSF","Nacional","","","","","","Subsecretaría","SRC-GOB-MIN","ministerial_structure_v0_1","2026-09-19","Estructura separada de la capa de servicios públicos."
"CL-SUB-NINEZ","Subsecretaría de la Niñez","","Poder Ejecutivo","Subsecretaría","CL-MIN-MDSF","Nacional","","","","","","Subsecretaría","SRC-GOB-MIN","ministerial_structure_v0_1","2026-09-19","Estructura separada de la capa de servicios públicos."
"CL-SUB-SEGPRES","Subsecretaría General de la Presidencia","","Poder Ejecutivo","Subsecretaría","CL-MIN-SEGPRES","Nacional","","","","","","Subsecretaría","SRC-GOB-MIN","ministerial_structure_v0_1","2026-09-19","Estructura separada de la capa de servicios públicos."
"CL-SUB-JUST","Subsecretaría de Justicia","","Poder Ejecutivo","Subsecretaría","CL-MIN-JUST","Nacional","","","","","","Subsecretaría","SRC-GOB-MIN","ministerial_structure_v0_1","2026-09-19","Estructura separada de la capa de servicios públicos."
"CL-SUB-DDHH","Subsecretaría de Derechos Humanos","","Poder Ejecutivo","Subsecretaría","CL-MIN-JUST","Nacional","","","","","","Subsecretaría","SRC-GOB-MIN","ministerial_structure_v0_1","2026-09-19","Estructura separada de la capa de servicios públicos."
"CL-SUB-RREE","Subsecretaría de Relaciones Exteriores","","Poder Ejecutivo","Subsecretaría","CL-MIN-RREE","Nacional","","","","","","Subsecretaría","SRC-GOB-MIN","ministerial_structure_v0_1","2026-09-19","Estructura separada de la capa de servicios públicos."
"CL-SUB-SUBREI","Subsecretaría de Relaciones Económicas Internacionales","","Poder Ejecutivo","Subsecretaría","CL-MIN-RREE","Nacional","","","","","","Subsecretaría","SRC-GOB-MIN","ministerial_structure_v0_1","2026-09-19","Estructura separada de la capa de servicios públicos."
"CL-SUB-CULT","Subsecretaría de las Culturas y las Artes","","Poder Ejecutivo","Subsecretaría","CL-MIN-CULT","Nacional","","","","","","Subsecretaría","SRC-GOB-MIN","ministerial_structure_v0_1","2026-09-19","Estructura separada de la capa de servicios públicos."
"CL-SUB-PATR","Subsecretaría del Patrimonio Cultural","","Poder Ejecutivo","Subsecretaría","CL-MIN-CULT","Nacional","","","","","","Subsecretaría","SRC-GOB-MIN","ministerial_structure_v0_1","2026-09-19","Estructura separada de la capa de servicios públicos."
"CL-SUB-BBNN","Subsecretaría de Bienes Nacionales","","Poder Ejecutivo","Subsecretaría","CL-MIN-BBNN","Nacional","","","","","","Subsecretaría","SRC-GOB-MIN","ministerial_structure_v0_1","2026-09-19","Estructura separada de la capa de servicios públicos."
"CL-SUB-ECO","Subsecretaría de Economía y Empresas de Menor Tamaño","","Poder Ejecutivo","Subsecretaría","CL-MIN-ECO","Nacional","","","","","","Subsecretaría","SRC-GOB-MIN","ministerial_structure_v0_1","2026-09-19","Estructura separada de la capa de servicios públicos."
"CL-SUB-PESCA","Subsecretaría de Pesca y Acuicultura","","Poder Ejecutivo","Subsecretaría","CL-MIN-ECO","Nacional","","","","","","Subsecretaría","SRC-GOB-MIN","ministerial_structure_v0_1","2026-09-19","Estructura separada de la capa de servicios públicos."
"CL-SUB-TUR","Subsecretaría de Turismo","","Poder Ejecutivo","Subsecretaría","CL-MIN-ECO","Nacional","","","","","","Subsecretaría","SRC-GOB-MIN","ministerial_structure_v0_1","2026-09-19","Estructura separada de la capa de servicios públicos."
"CL-SUB-EDU","Subsecretaría de Educación","","Poder Ejecutivo","Subsecretaría","CL-MIN-EDU","Nacional","","","","","","Subsecretaría","SRC-GOB-MIN","ministerial_structure_v0_1","2026-09-19","Estructura separada de la capa de servicios públicos."
"CL-SUB-PARV","Subsecretaría de Educación Parvularia","","Poder Ejecutivo","Subsecretaría","CL-MIN-EDU","Nacional","","","","","","Subsecretaría","SRC-GOB-MIN","ministerial_structure_v0_1","2026-09-19","Estructura separada de la capa de servicios públicos."
"CL-SUB-EDUSUP","Subsecretaría de Educación Superior","","Poder Ejecutivo","Subsecretaría","CL-MIN-EDU","Nacional","","","","","","Subsecretaría","SRC-GOB-MIN","ministerial_structure_v0_1","2026-09-19","Estructura separada de la capa de servicios públicos."
"CL-SUB-MINERIA","Subsecretaría de Minería","","Poder Ejecutivo","Subsecretaría","CL-MIN-MINERIA","Nacional","","","","","","Subsecretaría","SRC-GOB-MIN","ministerial_structure_v0_1","2026-09-19","Estructura separada de la capa de servicios públicos."
"CL-SP-001","Servicio Nacional de Reinserción Social Juvenil","","Poder Ejecutivo","Servicio público / repartición listada por Gob.cl","","Nacional o desconcentrado","","","","","","","SRC-GOB","official_directory_as_published","2026-09-19","Registro preservado exactamente como aparece en el directorio Gob.cl; puede requerir normalización por cambios institucionales."
"CL-SP-002","Carabineros de Chile","","Poder Ejecutivo","Servicio público / repartición listada por Gob.cl","","Nacional o desconcentrado","","","","","","","SRC-GOB","official_directory_as_published","2026-09-19","Registro preservado exactamente como aparece en el directorio Gob.cl; puede requerir normalización por cambios institucionales."
"CL-SP-003","Dirección de Aeropuertos","","Poder Ejecutivo","Servicio público / repartición listada por Gob.cl","","Nacional o desconcentrado","","","","","","","SRC-GOB","official_directory_as_published","2026-09-19","Registro preservado exactamente como aparece en el directorio Gob.cl; puede requerir normalización por cambios institucionales."
"CL-SP-004","Dirección de Arquitectura","","Poder Ejecutivo","Servicio público / repartición listada por Gob.cl","","Nacional o desconcentrado","","","","","","","SRC-GOB","official_directory_as_published","2026-09-19","Registro preservado exactamente como aparece en el directorio Gob.cl; puede requerir normalización por cambios institucionales."
"CL-SP-005","Dirección General de Obras Públicas","","Poder Ejecutivo","Servicio público / repartición listada por Gob.cl","","Nacional o desconcentrado","","","","","","","SRC-GOB","official_directory_as_published","2026-09-19","Registro preservado exactamente como aparece en el directorio Gob.cl; puede requerir normalización por cambios institucionales."
"CL-SP-006","Agencia de Promoción de la Inversión Extranjera","","Poder Ejecutivo","Servicio público / repartición listada por Gob.cl","","Nacional o desconcentrado","","","","","","","SRC-GOB","official_directory_as_published","2026-09-19","Registro preservado exactamente como aparece en el directorio Gob.cl; puede requerir normalización por cambios institucionales."
"CL-SP-007","Gendarmería de Chile","","Poder Ejecutivo","Servicio público / repartición listada por Gob.cl","","Nacional o desconcentrado","","","","","","","SRC-GOB","official_directory_as_published","2026-09-19","Registro preservado exactamente como aparece en el directorio Gob.cl; puede requerir normalización por cambios institucionales."
"CL-SP-008","Servicio Nacional de Protección especializada a la Niñez y Adolescencia - Mejor Niñez","","Poder Ejecutivo","Servicio público / repartición listada por Gob.cl","","Nacional o desconcentrado","","","","","","","SRC-GOB","official_directory_as_published","2026-09-19","Registro preservado exactamente como aparece en el directorio Gob.cl; puede requerir normalización por cambios institucionales."
"CL-SP-009","Dirección de Previsión de Carabineros de Chile (DIPRECA)","","Poder Ejecutivo","Servicio público / repartición listada por Gob.cl","","Nacional o desconcentrado","","","","","","","SRC-GOB","official_directory_as_published","2026-09-19","Registro preservado exactamente como aparece en el directorio Gob.cl; puede requerir normalización por cambios institucionales."
"CL-SP-010","Agencia Nacional de Inteligencia (ANI)","","Poder Ejecutivo","Servicio público / repartición listada por Gob.cl","","Nacional o desconcentrado","","","","","","","SRC-GOB","official_directory_as_published","2026-09-19","Registro preservado exactamente como aparece en el directorio Gob.cl; puede requerir normalización por cambios institucionales."
"CL-SP-011","Servicio de Gobierno Interior","","Poder Ejecutivo","Servicio público / repartición listada por Gob.cl","","Nacional o desconcentrado","","","","","","","SRC-GOB","official_directory_as_published","2026-09-19","Registro preservado exactamente como aparece en el directorio Gob.cl; puede requerir normalización por cambios institucionales."
"CL-SP-012","Servicio Nacional para la Prevención y Rehabilitación del Consumo de Drogas y Alcohol","","Poder Ejecutivo","Servicio público / repartición listada por Gob.cl","","Nacional o desconcentrado","","","","","","","SRC-GOB","official_directory_as_published","2026-09-19","Registro preservado exactamente como aparece en el directorio Gob.cl; puede requerir normalización por cambios institucionales."
"CL-SP-013","Policía de Investigaciones","","Poder Ejecutivo","Servicio público / repartición listada por Gob.cl","","Nacional o desconcentrado","","","","","","","SRC-GOB","official_directory_as_published","2026-09-19","Registro preservado exactamente como aparece en el directorio Gob.cl; puede requerir normalización por cambios institucionales."
"CL-SP-014","Dirección General de Relaciones Económicas Internacionales (DIRECON)","","Poder Ejecutivo","Servicio público / repartición listada por Gob.cl","","Nacional o desconcentrado","","","","","","","SRC-GOB","official_directory_as_published","2026-09-19","Registro preservado exactamente como aparece en el directorio Gob.cl; puede requerir normalización por cambios institucionales."
"CL-SP-015","Agencia de Cooperación Internacional (AGCI)","","Poder Ejecutivo","Servicio público / repartición listada por Gob.cl","","Nacional o desconcentrado","","","","","","","SRC-GOB","official_directory_as_published","2026-09-19","Registro preservado exactamente como aparece en el directorio Gob.cl; puede requerir normalización por cambios institucionales."
"CL-SP-016","Instituto Antártico Chileno (INACH)","","Poder Ejecutivo","Servicio público / repartición listada por Gob.cl","","Nacional o desconcentrado","","","","","","","SRC-GOB","official_directory_as_published","2026-09-19","Registro preservado exactamente como aparece en el directorio Gob.cl; puede requerir normalización por cambios institucionales."
"CL-SP-017","Dirección Nacional de Fronteras y Límites del Estado (DIFROL)","","Poder Ejecutivo","Servicio público / repartición listada por Gob.cl","","Nacional o desconcentrado","","","","","","","SRC-GOB","official_directory_as_published","2026-09-19","Registro preservado exactamente como aparece en el directorio Gob.cl; puede requerir normalización por cambios institucionales."
"CL-SP-018","Instituto Geográfico Militar (IGM)","","Poder Ejecutivo","Servicio público / repartición listada por Gob.cl","","Nacional o desconcentrado","","","","","","","SRC-GOB","official_directory_as_published","2026-09-19","Registro preservado exactamente como aparece en el directorio Gob.cl; puede requerir normalización por cambios institucionales."
"CL-SP-019","Dirección General de Aeronáutica Civil (DGAC)","","Poder Ejecutivo","Servicio público / repartición listada por Gob.cl","","Nacional o desconcentrado","","","","","","","SRC-GOB","official_directory_as_published","2026-09-19","Registro preservado exactamente como aparece en el directorio Gob.cl; puede requerir normalización por cambios institucionales."
"CL-SP-020","Dirección General de Movilización Nacional (DGMN)","","Poder Ejecutivo","Servicio público / repartición listada por Gob.cl","","Nacional o desconcentrado","","","","","","","SRC-GOB","official_directory_as_published","2026-09-19","Registro preservado exactamente como aparece en el directorio Gob.cl; puede requerir normalización por cambios institucionales."
"CL-SP-021","Fuerza Aérea de Chile (FACH)","","Poder Ejecutivo","Servicio público / repartición listada por Gob.cl","","Nacional o desconcentrado","","","","","","","SRC-GOB","official_directory_as_published","2026-09-19","Registro preservado exactamente como aparece en el directorio Gob.cl; puede requerir normalización por cambios institucionales."
"CL-SP-022","Ejército de Chile","","Poder Ejecutivo","Servicio público / repartición listada por Gob.cl","","Nacional o desconcentrado","","","","","","","SRC-GOB","official_directory_as_published","2026-09-19","Registro preservado exactamente como aparece en el directorio Gob.cl; puede requerir normalización por cambios institucionales."
"CL-SP-023","Defensa Civil de Chile","","Poder Ejecutivo","Servicio público / repartición listada por Gob.cl","","Nacional o desconcentrado","","","","","","","SRC-GOB","official_directory_as_published","2026-09-19","Registro preservado exactamente como aparece en el directorio Gob.cl; puede requerir normalización por cambios institucionales."
"CL-SP-024","Estado Mayor Conjunto","","Poder Ejecutivo","Servicio público / repartición listada por Gob.cl","","Nacional o desconcentrado","","","","","","","SRC-GOB","official_directory_as_published","2026-09-19","Registro preservado exactamente como aparece en el directorio Gob.cl; puede requerir normalización por cambios institucionales."
"CL-SP-025","Servicio Aerofotogramétrico FACH","","Poder Ejecutivo","Servicio público / repartición listada por Gob.cl","","Nacional o desconcentrado","","","","","","","SRC-GOB","official_directory_as_published","2026-09-19","Registro preservado exactamente como aparece en el directorio Gob.cl; puede requerir normalización por cambios institucionales."
"CL-SP-026","Dirección General del Territorio Marítimo y Marina Mercante (DIRECTEMAR)","","Poder Ejecutivo","Servicio público / repartición listada por Gob.cl","","Nacional o desconcentrado","","","","","","","SRC-GOB","official_directory_as_published","2026-09-19","Registro preservado exactamente como aparece en el directorio Gob.cl; puede requerir normalización por cambios institucionales."
"CL-SP-027","Armada de Chile","","Poder Ejecutivo","Servicio público / repartición listada por Gob.cl","","Nacional o desconcentrado","","","","","","","SRC-GOB","official_directory_as_published","2026-09-19","Registro preservado exactamente como aparece en el directorio Gob.cl; puede requerir normalización por cambios institucionales."
"CL-SP-028","Servicio Hidrográfico y Oceanográfico de la Armada","","Poder Ejecutivo","Servicio público / repartición listada por Gob.cl","","Nacional o desconcentrado","","","","","","","SRC-GOB","official_directory_as_published","2026-09-19","Registro preservado exactamente como aparece en el directorio Gob.cl; puede requerir normalización por cambios institucionales."
"CL-SP-029","Tesorería General de la República","","Poder Ejecutivo","Servicio público / repartición listada por Gob.cl","","Nacional o desconcentrado","","","","","","","SRC-GOB","official_directory_as_published","2026-09-19","Registro preservado exactamente como aparece en el directorio Gob.cl; puede requerir normalización por cambios institucionales."
"CL-SP-030","Dirección Nacional del Servicio Civil","","Poder Ejecutivo","Servicio público / repartición listada por Gob.cl","","Nacional o desconcentrado","","","","","","","SRC-GOB","official_directory_as_published","2026-09-19","Registro preservado exactamente como aparece en el directorio Gob.cl; puede requerir normalización por cambios institucionales."
"CL-SP-031","Servicio Nacional de Aduanas","","Poder Ejecutivo","Servicio público / repartición listada por Gob.cl","","Nacional o desconcentrado","","","","","","","SRC-GOB","official_directory_as_published","2026-09-19","Registro preservado exactamente como aparece en el directorio Gob.cl; puede requerir normalización por cambios institucionales."
"CL-SP-032","Superintendencia de Casinos de Juego (SCJ)","","Poder Ejecutivo","Servicio público / repartición listada por Gob.cl","","Nacional o desconcentrado","","","","","","","SRC-GOB","official_directory_as_published","2026-09-19","Registro preservado exactamente como aparece en el directorio Gob.cl; puede requerir normalización por cambios institucionales."
"CL-SP-033","Servicio de Impuestos Internos (SII)","","Poder Ejecutivo","Servicio público / repartición listada por Gob.cl","","Nacional o desconcentrado","","","","","","","SRC-GOB","official_directory_as_published","2026-09-19","Registro preservado exactamente como aparece en el directorio Gob.cl; puede requerir normalización por cambios institucionales."
"CL-SP-034","Dirección de Compras y Contratación Pública (Chilecompra)","","Poder Ejecutivo","Servicio público / repartición listada por Gob.cl","","Nacional o desconcentrado","","","","","","","SRC-GOB","official_directory_as_published","2026-09-19","Registro preservado exactamente como aparece en el directorio Gob.cl; puede requerir normalización por cambios institucionales."
"CL-SP-035","Dirección de Presupuestos (DIPRES)","","Poder Ejecutivo","Servicio público / repartición listada por Gob.cl","","Nacional o desconcentrado","","","","","","","SRC-GOB","official_directory_as_published","2026-09-19","Registro preservado exactamente como aparece en el directorio Gob.cl; puede requerir normalización por cambios institucionales."
"CL-SP-036","Unidad de Análisis Financiero (UAF)","","Poder Ejecutivo","Servicio público / repartición listada por Gob.cl","","Nacional o desconcentrado","","","","","","","SRC-GOB","official_directory_as_published","2026-09-19","Registro preservado exactamente como aparece en el directorio Gob.cl; puede requerir normalización por cambios institucionales."
"CL-SP-037","Superintendencia de Bancos e Instituciones Financieras (SBIF)","","Poder Ejecutivo","Servicio público / repartición listada por Gob.cl","","Nacional o desconcentrado","","","","","","","SRC-GOB","official_directory_as_published","2026-09-19","Registro preservado exactamente como aparece en el directorio Gob.cl; puede requerir normalización por cambios institucionales."
"CL-SP-038","Corporación de Fomento para la Producción (CORFO)","","Poder Ejecutivo","Servicio público / repartición listada por Gob.cl","","Nacional o desconcentrado","","","","","","","SRC-GOB","official_directory_as_published","2026-09-19","Registro preservado exactamente como aparece en el directorio Gob.cl; puede requerir normalización por cambios institucionales."
"CL-SP-039","Fiscalía Nacional Económica (FNE)","","Poder Ejecutivo","Servicio público / repartición listada por Gob.cl","","Nacional o desconcentrado","","","","","","","SRC-GOB","official_directory_as_published","2026-09-19","Registro preservado exactamente como aparece en el directorio Gob.cl; puede requerir normalización por cambios institucionales."
"CL-SP-040","Servicio Nacional del Consumidor (SERNAC)","","Poder Ejecutivo","Servicio público / repartición listada por Gob.cl","","Nacional o desconcentrado","","","","","","","SRC-GOB","official_directory_as_published","2026-09-19","Registro preservado exactamente como aparece en el directorio Gob.cl; puede requerir normalización por cambios institucionales."
"CL-SP-041","Instituto Nacional de Propiedad Industrial (INAPI)","","Poder Ejecutivo","Servicio público / repartición listada por Gob.cl","","Nacional o desconcentrado","","","","","","","SRC-GOB","official_directory_as_published","2026-09-19","Registro preservado exactamente como aparece en el directorio Gob.cl; puede requerir normalización por cambios institucionales."
"CL-SP-042","Servicio Nacional de Turismo (SERNATUR)","","Poder Ejecutivo","Servicio público / repartición listada por Gob.cl","","Nacional o desconcentrado","","","","","","","SRC-GOB","official_directory_as_published","2026-09-19","Registro preservado exactamente como aparece en el directorio Gob.cl; puede requerir normalización por cambios institucionales."
"CL-SP-043","Superintendencia de Insolvencia y Reemprendimiento (SIR)","","Poder Ejecutivo","Servicio público / repartición listada por Gob.cl","","Nacional o desconcentrado","","","","","","","SRC-GOB","official_directory_as_published","2026-09-19","Registro preservado exactamente como aparece en el directorio Gob.cl; puede requerir normalización por cambios institucionales."
"CL-SP-044","Instituto Nacional de Estadísticas (INE)","","Poder Ejecutivo","Servicio público / repartición listada por Gob.cl","","Nacional o desconcentrado","","","","","","","SRC-GOB","official_directory_as_published","2026-09-19","Registro preservado exactamente como aparece en el directorio Gob.cl; puede requerir normalización por cambios institucionales."
"CL-SP-045","Servicio Nacional de Pesca (SERNAPESCA)","","Poder Ejecutivo","Servicio público / repartición listada por Gob.cl","","Nacional o desconcentrado","","","","","","","SRC-GOB","official_directory_as_published","2026-09-19","Registro preservado exactamente como aparece en el directorio Gob.cl; puede requerir normalización por cambios institucionales."
"CL-SP-046","Instituto Nacional de la Juventud (INJUV)","","Poder Ejecutivo","Servicio público / repartición listada por Gob.cl","","Nacional o desconcentrado","","","","","","","SRC-GOB","official_directory_as_published","2026-09-19","Registro preservado exactamente como aparece en el directorio Gob.cl; puede requerir normalización por cambios institucionales."
"CL-SP-047","Corporación Nacional de Desarrollo Indígena (CONADI)","","Poder Ejecutivo","Servicio público / repartición listada por Gob.cl","","Nacional o desconcentrado","","","","","","","SRC-GOB","official_directory_as_published","2026-09-19","Registro preservado exactamente como aparece en el directorio Gob.cl; puede requerir normalización por cambios institucionales."
"CL-SP-048","Fondo de Solidaridad e Inversión Social (FOSIS)","","Poder Ejecutivo","Servicio público / repartición listada por Gob.cl","","Nacional o desconcentrado","","","","","","","SRC-GOB","official_directory_as_published","2026-09-19","Registro preservado exactamente como aparece en el directorio Gob.cl; puede requerir normalización por cambios institucionales."
"CL-SP-049","Servicio Nacional de la Discapacidad (SENADIS)","","Poder Ejecutivo","Servicio público / repartición listada por Gob.cl","","Nacional o desconcentrado","","","","","","","SRC-GOB","official_directory_as_published","2026-09-19","Registro preservado exactamente como aparece en el directorio Gob.cl; puede requerir normalización por cambios institucionales."
"CL-SP-050","Servicio Nacional del Adulto Mayor (SENAMA)","","Poder Ejecutivo","Servicio público / repartición listada por Gob.cl","","Nacional o desconcentrado","","","","","","","SRC-GOB","official_directory_as_published","2026-09-19","Registro preservado exactamente como aparece en el directorio Gob.cl; puede requerir normalización por cambios institucionales."
"CL-SP-051","Junta Nacional de Jardines Infantiles (JUNJI)","","Poder Ejecutivo","Servicio público / repartición listada por Gob.cl","","Nacional o desconcentrado","","","","","","","SRC-GOB","official_directory_as_published","2026-09-19","Registro preservado exactamente como aparece en el directorio Gob.cl; puede requerir normalización por cambios institucionales."
"CL-SP-052","Junta Nacional de Auxilio Escolar y Becas (JUNAEB)","","Poder Ejecutivo","Servicio público / repartición listada por Gob.cl","","Nacional o desconcentrado","","","","","","","SRC-GOB","official_directory_as_published","2026-09-19","Registro preservado exactamente como aparece en el directorio Gob.cl; puede requerir normalización por cambios institucionales."
"CL-SP-053","Consejo Superior de Educación","","Poder Ejecutivo","Servicio público / repartición listada por Gob.cl","","Nacional o desconcentrado","","","","","","","SRC-GOB","official_directory_as_published","2026-09-19","Registro preservado exactamente como aparece en el directorio Gob.cl; puede requerir normalización por cambios institucionales."
"CL-SP-054","Comisión Administradora del Sistema de Créditos para Estudios Superiores","","Poder Ejecutivo","Servicio público / repartición listada por Gob.cl","","Nacional o desconcentrado","","","","","","","SRC-GOB","official_directory_as_published","2026-09-19","Registro preservado exactamente como aparece en el directorio Gob.cl; puede requerir normalización por cambios institucionales."
"CL-SP-055","Consejo de Calificación Cinematográfica","","Poder Ejecutivo","Servicio público / repartición listada por Gob.cl","","Nacional o desconcentrado","","","","","","","SRC-GOB","official_directory_as_published","2026-09-19","Registro preservado exactamente como aparece en el directorio Gob.cl; puede requerir normalización por cambios institucionales."
"CL-SP-056","Superintendencia de Educación","","Poder Ejecutivo","Servicio público / repartición listada por Gob.cl","","Nacional o desconcentrado","","","","","","","SRC-GOB","official_directory_as_published","2026-09-19","Registro preservado exactamente como aparece en el directorio Gob.cl; puede requerir normalización por cambios institucionales."
"CL-SP-057","Consejo de Rectores de las Universidades Chilenas","","Poder Ejecutivo","Servicio público / repartición listada por Gob.cl","","Nacional o desconcentrado","","","","","","","SRC-GOB","official_directory_as_published","2026-09-19","Registro preservado exactamente como aparece en el directorio Gob.cl; puede requerir normalización por cambios institucionales."
"CL-SP-058","Comisión Nacional de Acreditación (CNA)","","Poder Ejecutivo","Servicio público / repartición listada por Gob.cl","","Nacional o desconcentrado","","","","","","","SRC-GOB","official_directory_as_published","2026-09-19","Registro preservado exactamente como aparece en el directorio Gob.cl; puede requerir normalización por cambios institucionales."
"CL-SP-059","Defensoría Penal Pública","","Poder Ejecutivo","Servicio público / repartición listada por Gob.cl","","Nacional o desconcentrado","","","","","","","SRC-GOB","official_directory_as_published","2026-09-19","Registro preservado exactamente como aparece en el directorio Gob.cl; puede requerir normalización por cambios institucionales."
"CL-SP-060","Corporación de Asistencia Judicial Región Valparaíso","","Poder Ejecutivo","Servicio público / repartición listada por Gob.cl","","Nacional o desconcentrado","","","","","","","SRC-GOB","official_directory_as_published","2026-09-19","Registro preservado exactamente como aparece en el directorio Gob.cl; puede requerir normalización por cambios institucionales."
"CL-SP-061","Servicio de Registro Civil e Identificación (SRCEI)","","Poder Ejecutivo","Servicio público / repartición listada por Gob.cl","","Nacional o desconcentrado","","","","","","","SRC-GOB","official_directory_as_published","2026-09-19","Registro preservado exactamente como aparece en el directorio Gob.cl; puede requerir normalización por cambios institucionales."
"CL-SP-062","Corporación de Asistencia Judicial Región Metropolitana","","Poder Ejecutivo","Servicio público / repartición listada por Gob.cl","","Nacional o desconcentrado","","","","","","","SRC-GOB","official_directory_as_published","2026-09-19","Registro preservado exactamente como aparece en el directorio Gob.cl; puede requerir normalización por cambios institucionales."
"CL-SP-063","Corporación de Asistencia Judicial Regiones Tarapacá y Antofagasta","","Poder Ejecutivo","Servicio público / repartición listada por Gob.cl","","Nacional o desconcentrado","","","","","","","SRC-GOB","official_directory_as_published","2026-09-19","Registro preservado exactamente como aparece en el directorio Gob.cl; puede requerir normalización por cambios institucionales."
"CL-SP-064","Servicio Médico Legal (SML)","","Poder Ejecutivo","Servicio público / repartición listada por Gob.cl","","Nacional o desconcentrado","","","","","","","SRC-GOB","official_directory_as_published","2026-09-19","Registro preservado exactamente como aparece en el directorio Gob.cl; puede requerir normalización por cambios institucionales."
"CL-SP-065","Corporación de Asistencia Judicial Región Bío-Bío","","Poder Ejecutivo","Servicio público / repartición listada por Gob.cl","","Nacional o desconcentrado","","","","","","","SRC-GOB","official_directory_as_published","2026-09-19","Registro preservado exactamente como aparece en el directorio Gob.cl; puede requerir normalización por cambios institucionales."
"CL-SP-066","Dirección del Trabajo (DT)","","Poder Ejecutivo","Servicio público / repartición listada por Gob.cl","","Nacional o desconcentrado","","","","","","","SRC-GOB","official_directory_as_published","2026-09-19","Registro preservado exactamente como aparece en el directorio Gob.cl; puede requerir normalización por cambios institucionales."
"CL-SP-067","Servicio Nacional de Capacitación y Empleo (SENCE)","","Poder Ejecutivo","Servicio público / repartición listada por Gob.cl","","Nacional o desconcentrado","","","","","","","SRC-GOB","official_directory_as_published","2026-09-19","Registro preservado exactamente como aparece en el directorio Gob.cl; puede requerir normalización por cambios institucionales."
"CL-SP-068","Dirección General de Crédito Prendario (DICREP)","","Poder Ejecutivo","Servicio público / repartición listada por Gob.cl","","Nacional o desconcentrado","","","","","","","SRC-GOB","official_directory_as_published","2026-09-19","Registro preservado exactamente como aparece en el directorio Gob.cl; puede requerir normalización por cambios institucionales."
"CL-SP-069","Instituto de Seguridad Laboral (ISL)","","Poder Ejecutivo","Servicio público / repartición listada por Gob.cl","","Nacional o desconcentrado","","","","","","","SRC-GOB","official_directory_as_published","2026-09-19","Registro preservado exactamente como aparece en el directorio Gob.cl; puede requerir normalización por cambios institucionales."
"CL-SP-070","Superintendencia de Pensiones (SP)","","Poder Ejecutivo","Servicio público / repartición listada por Gob.cl","","Nacional o desconcentrado","","","","","","","SRC-GOB","official_directory_as_published","2026-09-19","Registro preservado exactamente como aparece en el directorio Gob.cl; puede requerir normalización por cambios institucionales."
"CL-SP-071","Comisión del Sistema Nacional de Certificación de Competencias Laborales (CHILEVALORA)","","Poder Ejecutivo","Servicio público / repartición listada por Gob.cl","","Nacional o desconcentrado","","","","","","","SRC-GOB","official_directory_as_published","2026-09-19","Registro preservado exactamente como aparece en el directorio Gob.cl; puede requerir normalización por cambios institucionales."
"CL-SP-072","Instituto de Previsión Social (IPS)","","Poder Ejecutivo","Servicio público / repartición listada por Gob.cl","","Nacional o desconcentrado","","","","","","","SRC-GOB","official_directory_as_published","2026-09-19","Registro preservado exactamente como aparece en el directorio Gob.cl; puede requerir normalización por cambios institucionales."
"CL-SP-073","Superintendencia de Seguridad Social (SUSESO)","","Poder Ejecutivo","Servicio público / repartición listada por Gob.cl","","Nacional o desconcentrado","","","","","","","SRC-GOB","official_directory_as_published","2026-09-19","Registro preservado exactamente como aparece en el directorio Gob.cl; puede requerir normalización por cambios institucionales."
"CL-SP-074","Superintendencia de Servicios Sanitarios (SISS)","","Poder Ejecutivo","Servicio público / repartición listada por Gob.cl","","Nacional o desconcentrado","","","","","","","SRC-GOB","official_directory_as_published","2026-09-19","Registro preservado exactamente como aparece en el directorio Gob.cl; puede requerir normalización por cambios institucionales."
"CL-SP-075","Instituto Nacional de Hidráulica (INH)","","Poder Ejecutivo","Servicio público / repartición listada por Gob.cl","","Nacional o desconcentrado","","","","","","","SRC-GOB","official_directory_as_published","2026-09-19","Registro preservado exactamente como aparece en el directorio Gob.cl; puede requerir normalización por cambios institucionales."
"CL-SP-076","Coordinación de Concesiones","","Poder Ejecutivo","Servicio público / repartición listada por Gob.cl","","Nacional o desconcentrado","","","","","","","SRC-GOB","official_directory_as_published","2026-09-19","Registro preservado exactamente como aparece en el directorio Gob.cl; puede requerir normalización por cambios institucionales."
"CL-SP-077","Fiscalía de Obras Públicas","","Poder Ejecutivo","Servicio público / repartición listada por Gob.cl","","Nacional o desconcentrado","","","","","","","SRC-GOB","official_directory_as_published","2026-09-19","Registro preservado exactamente como aparece en el directorio Gob.cl; puede requerir normalización por cambios institucionales."
"CL-SP-078","Central de Abastecimiento del Sistema Nacional de Servicios de Salud (CENABAST)","","Poder Ejecutivo","Servicio público / repartición listada por Gob.cl","","Nacional o desconcentrado","","","","","","","SRC-GOB","official_directory_as_published","2026-09-19","Registro preservado exactamente como aparece en el directorio Gob.cl; puede requerir normalización por cambios institucionales."
"CL-SP-079","Servicio de Salud Metropolitano Central","","Poder Ejecutivo","Servicio público / repartición listada por Gob.cl","","Nacional o desconcentrado","","","","","","","SRC-GOB","official_directory_as_published","2026-09-19","Registro preservado exactamente como aparece en el directorio Gob.cl; puede requerir normalización por cambios institucionales."
"CL-SP-080","Servicio de Salud Metropolitano Sur Oriente","","Poder Ejecutivo","Servicio público / repartición listada por Gob.cl","","Nacional o desconcentrado","","","","","","","SRC-GOB","official_directory_as_published","2026-09-19","Registro preservado exactamente como aparece en el directorio Gob.cl; puede requerir normalización por cambios institucionales."
"CL-SP-081","Servicio de Salud Arica","","Poder Ejecutivo","Servicio público / repartición listada por Gob.cl","","Nacional o desconcentrado","","","","","","","SRC-GOB","official_directory_as_published","2026-09-19","Registro preservado exactamente como aparece en el directorio Gob.cl; puede requerir normalización por cambios institucionales."
"CL-SP-082","Servicio de Salud Coquimbo","","Poder Ejecutivo","Servicio público / repartición listada por Gob.cl","","Nacional o desconcentrado","","","","","","","SRC-GOB","official_directory_as_published","2026-09-19","Registro preservado exactamente como aparece en el directorio Gob.cl; puede requerir normalización por cambios institucionales."
"CL-SP-083","Servicio de Salud Maule","","Poder Ejecutivo","Servicio público / repartición listada por Gob.cl","","Nacional o desconcentrado","","","","","","","SRC-GOB","official_directory_as_published","2026-09-19","Registro preservado exactamente como aparece en el directorio Gob.cl; puede requerir normalización por cambios institucionales."
"CL-SP-084","Servicio de Salud Bío-Bío","","Poder Ejecutivo","Servicio público / repartición listada por Gob.cl","","Nacional o desconcentrado","","","","","","","SRC-GOB","official_directory_as_published","2026-09-19","Registro preservado exactamente como aparece en el directorio Gob.cl; puede requerir normalización por cambios institucionales."
"CL-SP-085","Instituto Nacional de Geriatría","","Poder Ejecutivo","Servicio público / repartición listada por Gob.cl","","Nacional o desconcentrado","","","","","","","SRC-GOB","official_directory_as_published","2026-09-19","Registro preservado exactamente como aparece en el directorio Gob.cl; puede requerir normalización por cambios institucionales."
"CL-SP-086","Instituto Nacional del Cáncer","","Poder Ejecutivo","Servicio público / repartición listada por Gob.cl","","Nacional o desconcentrado","","","","","","","SRC-GOB","official_directory_as_published","2026-09-19","Registro preservado exactamente como aparece en el directorio Gob.cl; puede requerir normalización por cambios institucionales."
"CL-SP-087","Servicio de Salud Araucanía Sur","","Poder Ejecutivo","Servicio público / repartición listada por Gob.cl","","Nacional o desconcentrado","","","","","","","SRC-GOB","official_directory_as_published","2026-09-19","Registro preservado exactamente como aparece en el directorio Gob.cl; puede requerir normalización por cambios institucionales."
"CL-SP-088","Instituto de Salud Pública (ISP)","","Poder Ejecutivo","Servicio público / repartición listada por Gob.cl","","Nacional o desconcentrado","","","","","","","SRC-GOB","official_directory_as_published","2026-09-19","Registro preservado exactamente como aparece en el directorio Gob.cl; puede requerir normalización por cambios institucionales."
"CL-SP-089","Superintendencia de Salud","","Poder Ejecutivo","Servicio público / repartición listada por Gob.cl","","Nacional o desconcentrado","","","","","","","SRC-GOB","official_directory_as_published","2026-09-19","Registro preservado exactamente como aparece en el directorio Gob.cl; puede requerir normalización por cambios institucionales."
"CL-SP-090","Centro de Referencia de Salud de Peñalolén Cordillera Oriente","","Poder Ejecutivo","Servicio público / repartición listada por Gob.cl","","Nacional o desconcentrado","","","","","","","SRC-GOB","official_directory_as_published","2026-09-19","Registro preservado exactamente como aparece en el directorio Gob.cl; puede requerir normalización por cambios institucionales."
"CL-SP-091","Servicio de Salud Iquique","","Poder Ejecutivo","Servicio público / repartición listada por Gob.cl","","Nacional o desconcentrado","","","","","","","SRC-GOB","official_directory_as_published","2026-09-19","Registro preservado exactamente como aparece en el directorio Gob.cl; puede requerir normalización por cambios institucionales."
"CL-SP-092","Servicio de Salud Atacama","","Poder Ejecutivo","Servicio público / repartición listada por Gob.cl","","Nacional o desconcentrado","","","","","","","SRC-GOB","official_directory_as_published","2026-09-19","Registro preservado exactamente como aparece en el directorio Gob.cl; puede requerir normalización por cambios institucionales."
"CL-SP-093","Servicio de Salud Valparaíso - San Antonio","","Poder Ejecutivo","Servicio público / repartición listada por Gob.cl","","Nacional o desconcentrado","","","","","","","SRC-GOB","official_directory_as_published","2026-09-19","Registro preservado exactamente como aparece en el directorio Gob.cl; puede requerir normalización por cambios institucionales."
"CL-SP-094","Servicio de Salud Viña Del Mar - Quillota","","Poder Ejecutivo","Servicio público / repartición listada por Gob.cl","","Nacional o desconcentrado","","","","","","","SRC-GOB","official_directory_as_published","2026-09-19","Registro preservado exactamente como aparece en el directorio Gob.cl; puede requerir normalización por cambios institucionales."
"CL-SP-095","Servicio de Salud Concepción","","Poder Ejecutivo","Servicio público / repartición listada por Gob.cl","","Nacional o desconcentrado","","","","","","","SRC-GOB","official_directory_as_published","2026-09-19","Registro preservado exactamente como aparece en el directorio Gob.cl; puede requerir normalización por cambios institucionales."
"CL-SP-096","Servicio de Salud Talcahuano","","Poder Ejecutivo","Servicio público / repartición listada por Gob.cl","","Nacional o desconcentrado","","","","","","","SRC-GOB","official_directory_as_published","2026-09-19","Registro preservado exactamente como aparece en el directorio Gob.cl; puede requerir normalización por cambios institucionales."
"CL-SP-097","Servicio de Salud de Chiloé","","Poder Ejecutivo","Servicio público / repartición listada por Gob.cl","","Nacional o desconcentrado","","","","","","","SRC-GOB","official_directory_as_published","2026-09-19","Registro preservado exactamente como aparece en el directorio Gob.cl; puede requerir normalización por cambios institucionales."
"CL-SP-098","Instituto Pedro Aguirre Cerda","","Poder Ejecutivo","Servicio público / repartición listada por Gob.cl","","Nacional o desconcentrado","","","","","","","SRC-GOB","official_directory_as_published","2026-09-19","Registro preservado exactamente como aparece en el directorio Gob.cl; puede requerir normalización por cambios institucionales."
"CL-SP-099","Instituto de Neurocirugía","","Poder Ejecutivo","Servicio público / repartición listada por Gob.cl","","Nacional o desconcentrado","","","","","","","SRC-GOB","official_directory_as_published","2026-09-19","Registro preservado exactamente como aparece en el directorio Gob.cl; puede requerir normalización por cambios institucionales."
"CL-SP-100","Instituto Nacional del Tórax","","Poder Ejecutivo","Servicio público / repartición listada por Gob.cl","","Nacional o desconcentrado","","","","","","","SRC-GOB","official_directory_as_published","2026-09-19","Registro preservado exactamente como aparece en el directorio Gob.cl; puede requerir normalización por cambios institucionales."
"CL-SP-101","Instituto Traumatológico","","Poder Ejecutivo","Servicio público / repartición listada por Gob.cl","","Nacional o desconcentrado","","","","","","","SRC-GOB","official_directory_as_published","2026-09-19","Registro preservado exactamente como aparece en el directorio Gob.cl; puede requerir normalización por cambios institucionales."
"CL-SP-102","Servicio de Salud Araucanía Norte","","Poder Ejecutivo","Servicio público / repartición listada por Gob.cl","","Nacional o desconcentrado","","","","","","","SRC-GOB","official_directory_as_published","2026-09-19","Registro preservado exactamente como aparece en el directorio Gob.cl; puede requerir normalización por cambios institucionales."
"CL-SP-103","Servicio de Salud Valdivia","","Poder Ejecutivo","Servicio público / repartición listada por Gob.cl","","Nacional o desconcentrado","","","","","","","SRC-GOB","official_directory_as_published","2026-09-19","Registro preservado exactamente como aparece en el directorio Gob.cl; puede requerir normalización por cambios institucionales."
"CL-SP-104","Centro de Referencia de Salud de Maipú","","Poder Ejecutivo","Servicio público / repartición listada por Gob.cl","","Nacional o desconcentrado","","","","","","","SRC-GOB","official_directory_as_published","2026-09-19","Registro preservado exactamente como aparece en el directorio Gob.cl; puede requerir normalización por cambios institucionales."
"CL-SP-105","Fondo Nacional de Salud (FONASA)","","Poder Ejecutivo","Servicio público / repartición listada por Gob.cl","","Nacional o desconcentrado","","","","","","","SRC-GOB","official_directory_as_published","2026-09-19","Registro preservado exactamente como aparece en el directorio Gob.cl; puede requerir normalización por cambios institucionales."
"CL-SP-106","Servicio de Salud Metropolitano Norte","","Poder Ejecutivo","Servicio público / repartición listada por Gob.cl","","Nacional o desconcentrado","","","","","","","SRC-GOB","official_directory_as_published","2026-09-19","Registro preservado exactamente como aparece en el directorio Gob.cl; puede requerir normalización por cambios institucionales."
"CL-SP-107","Servicio de Salud Metropolitano Sur","","Poder Ejecutivo","Servicio público / repartición listada por Gob.cl","","Nacional o desconcentrado","","","","","","","SRC-GOB","official_directory_as_published","2026-09-19","Registro preservado exactamente como aparece en el directorio Gob.cl; puede requerir normalización por cambios institucionales."
"CL-SP-108","Servicio de Salud Aconcagua","","Poder Ejecutivo","Servicio público / repartición listada por Gob.cl","","Nacional o desconcentrado","","","","","","","SRC-GOB","official_directory_as_published","2026-09-19","Registro preservado exactamente como aparece en el directorio Gob.cl; puede requerir normalización por cambios institucionales."
"CL-SP-109","Servicio de Salud O'Higgins","","Poder Ejecutivo","Servicio público / repartición listada por Gob.cl","","Nacional o desconcentrado","","","","","","","SRC-GOB","official_directory_as_published","2026-09-19","Registro preservado exactamente como aparece en el directorio Gob.cl; puede requerir normalización por cambios institucionales."
"CL-SP-110","Servicio de Salud Ñuble","","Poder Ejecutivo","Servicio público / repartición listada por Gob.cl","","Nacional o desconcentrado","","","","","","","SRC-GOB","official_directory_as_published","2026-09-19","Registro preservado exactamente como aparece en el directorio Gob.cl; puede requerir normalización por cambios institucionales."
"CL-SP-111","SERVIU III Región","","Poder Ejecutivo","Servicio público / repartición listada por Gob.cl","","Nacional o desconcentrado","","","","","","","SRC-GOB","official_directory_as_published","2026-09-19","Registro preservado exactamente como aparece en el directorio Gob.cl; puede requerir normalización por cambios institucionales."
"CL-SP-112","SERVIU VII Región","","Poder Ejecutivo","Servicio público / repartición listada por Gob.cl","","Nacional o desconcentrado","","","","","","","SRC-GOB","official_directory_as_published","2026-09-19","Registro preservado exactamente como aparece en el directorio Gob.cl; puede requerir normalización por cambios institucionales."
"CL-SP-113","SERVIU IX Región","","Poder Ejecutivo","Servicio público / repartición listada por Gob.cl","","Nacional o desconcentrado","","","","","","","SRC-GOB","official_directory_as_published","2026-09-19","Registro preservado exactamente como aparece en el directorio Gob.cl; puede requerir normalización por cambios institucionales."
"CL-SP-114","SERVIU Arica y Parinacota","","Poder Ejecutivo","Servicio público / repartición listada por Gob.cl","","Nacional o desconcentrado","","","","","","","SRC-GOB","official_directory_as_published","2026-09-19","Registro preservado exactamente como aparece en el directorio Gob.cl; puede requerir normalización por cambios institucionales."
"CL-SP-115","SERVIU VI Región","","Poder Ejecutivo","Servicio público / repartición listada por Gob.cl","","Nacional o desconcentrado","","","","","","","SRC-GOB","official_directory_as_published","2026-09-19","Registro preservado exactamente como aparece en el directorio Gob.cl; puede requerir normalización por cambios institucionales."
"CL-SP-116","SERVIU II Región","","Poder Ejecutivo","Servicio público / repartición listada por Gob.cl","","Nacional o desconcentrado","","","","","","","SRC-GOB","official_directory_as_published","2026-09-19","Registro preservado exactamente como aparece en el directorio Gob.cl; puede requerir normalización por cambios institucionales."
"CL-SP-117","SERVIU Región de Los Ríos","","Poder Ejecutivo","Servicio público / repartición listada por Gob.cl","","Nacional o desconcentrado","","","","","","","SRC-GOB","official_directory_as_published","2026-09-19","Registro preservado exactamente como aparece en el directorio Gob.cl; puede requerir normalización por cambios institucionales."
"CL-SP-118","SERVIU I Región","","Poder Ejecutivo","Servicio público / repartición listada por Gob.cl","","Nacional o desconcentrado","","","","","","","SRC-GOB","official_directory_as_published","2026-09-19","Registro preservado exactamente como aparece en el directorio Gob.cl; puede requerir normalización por cambios institucionales."
"CL-SP-119","SERVIU XI Región","","Poder Ejecutivo","Servicio público / repartición listada por Gob.cl","","Nacional o desconcentrado","","","","","","","SRC-GOB","official_directory_as_published","2026-09-19","Registro preservado exactamente como aparece en el directorio Gob.cl; puede requerir normalización por cambios institucionales."
"CL-SP-120","SERVIU IV Región","","Poder Ejecutivo","Servicio público / repartición listada por Gob.cl","","Nacional o desconcentrado","","","","","","","SRC-GOB","official_directory_as_published","2026-09-19","Registro preservado exactamente como aparece en el directorio Gob.cl; puede requerir normalización por cambios institucionales."
"CL-SP-121","SERVIU V Región","","Poder Ejecutivo","Servicio público / repartición listada por Gob.cl","","Nacional o desconcentrado","","","","","","","SRC-GOB","official_directory_as_published","2026-09-19","Registro preservado exactamente como aparece en el directorio Gob.cl; puede requerir normalización por cambios institucionales."
"CL-SP-122","SERVIU RM","","Poder Ejecutivo","Servicio público / repartición listada por Gob.cl","","Nacional o desconcentrado","","","","","","","SRC-GOB","official_directory_as_published","2026-09-19","Registro preservado exactamente como aparece en el directorio Gob.cl; puede requerir normalización por cambios institucionales."
"CL-SP-123","SERVIU VIII Región","","Poder Ejecutivo","Servicio público / repartición listada por Gob.cl","","Nacional o desconcentrado","","","","","","","SRC-GOB","official_directory_as_published","2026-09-19","Registro preservado exactamente como aparece en el directorio Gob.cl; puede requerir normalización por cambios institucionales."
"CL-SP-124","SERVIU XII Región","","Poder Ejecutivo","Servicio público / repartición listada por Gob.cl","","Nacional o desconcentrado","","","","","","","SRC-GOB","official_directory_as_published","2026-09-19","Registro preservado exactamente como aparece en el directorio Gob.cl; puede requerir normalización por cambios institucionales."
"CL-SP-125","Parque Metropolitano de Santiago","","Poder Ejecutivo","Servicio público / repartición listada por Gob.cl","","Nacional o desconcentrado","","","","","","","SRC-GOB","official_directory_as_published","2026-09-19","Registro preservado exactamente como aparece en el directorio Gob.cl; puede requerir normalización por cambios institucionales."
"CL-SP-126","Oficina de Estudios y Políticas Agrarias (ODEPA)","","Poder Ejecutivo","Servicio público / repartición listada por Gob.cl","","Nacional o desconcentrado","","","","","","","SRC-GOB","official_directory_as_published","2026-09-19","Registro preservado exactamente como aparece en el directorio Gob.cl; puede requerir normalización por cambios institucionales."
"CL-SP-127","Comisión Nacional de Riego (CNR)","","Poder Ejecutivo","Servicio público / repartición listada por Gob.cl","","Nacional o desconcentrado","","","","","","","SRC-GOB","official_directory_as_published","2026-09-19","Registro preservado exactamente como aparece en el directorio Gob.cl; puede requerir normalización por cambios institucionales."
"CL-SP-128","Instituto de Desarrollo Agropecuario (INDAP)","","Poder Ejecutivo","Servicio público / repartición listada por Gob.cl","","Nacional o desconcentrado","","","","","","","SRC-GOB","official_directory_as_published","2026-09-19","Registro preservado exactamente como aparece en el directorio Gob.cl; puede requerir normalización por cambios institucionales."
"CL-SP-129","Servicio Agrícola Ganadero (SAG)","","Poder Ejecutivo","Servicio público / repartición listada por Gob.cl","","Nacional o desconcentrado","","","","","","","SRC-GOB","official_directory_as_published","2026-09-19","Registro preservado exactamente como aparece en el directorio Gob.cl; puede requerir normalización por cambios institucionales."
"CL-SP-130","Servicio Nacional de Geología y Minería (SERNAGEOMIN)","","Poder Ejecutivo","Servicio público / repartición listada por Gob.cl","","Nacional o desconcentrado","","","","","","","SRC-GOB","official_directory_as_published","2026-09-19","Registro preservado exactamente como aparece en el directorio Gob.cl; puede requerir normalización por cambios institucionales."
"CL-SP-131","Comisión Chilena del Cobre (COCHILCO)","","Poder Ejecutivo","Servicio público / repartición listada por Gob.cl","","Nacional o desconcentrado","","","","","","","SRC-GOB","official_directory_as_published","2026-09-19","Registro preservado exactamente como aparece en el directorio Gob.cl; puede requerir normalización por cambios institucionales."
"CL-SP-132","Junta de Aeronáutica Civil","","Poder Ejecutivo","Servicio público / repartición listada por Gob.cl","","Nacional o desconcentrado","","","","","","","SRC-GOB","official_directory_as_published","2026-09-19","Registro preservado exactamente como aparece en el directorio Gob.cl; puede requerir normalización por cambios institucionales."
"CL-SP-133","Comisión Nacional de Energía (CNE)","","Poder Ejecutivo","Servicio público / repartición listada por Gob.cl","","Nacional o desconcentrado","","","","","","","SRC-GOB","official_directory_as_published","2026-09-19","Registro preservado exactamente como aparece en el directorio Gob.cl; puede requerir normalización por cambios institucionales."
"CL-SP-134","Comisión Chilena de Energía Nuclear (CCHEN)","","Poder Ejecutivo","Servicio público / repartición listada por Gob.cl","","Nacional o desconcentrado","","","","","","","SRC-GOB","official_directory_as_published","2026-09-19","Registro preservado exactamente como aparece en el directorio Gob.cl; puede requerir normalización por cambios institucionales."
"CL-SP-135","Superintendencia de Electricidad y Combustibles (SEC)","","Poder Ejecutivo","Servicio público / repartición listada por Gob.cl","","Nacional o desconcentrado","","","","","","","SRC-GOB","official_directory_as_published","2026-09-19","Registro preservado exactamente como aparece en el directorio Gob.cl; puede requerir normalización por cambios institucionales."
"CL-SP-136","Servicio Evaluación Ambiental","","Poder Ejecutivo","Servicio público / repartición listada por Gob.cl","","Nacional o desconcentrado","","","","","","","SRC-GOB","official_directory_as_published","2026-09-19","Registro preservado exactamente como aparece en el directorio Gob.cl; puede requerir normalización por cambios institucionales."
"CL-SP-137","Superintendencia del Medio Ambiente","","Poder Ejecutivo","Servicio público / repartición listada por Gob.cl","","Nacional o desconcentrado","","","","","","","SRC-GOB","official_directory_as_published","2026-09-19","Registro preservado exactamente como aparece en el directorio Gob.cl; puede requerir normalización por cambios institucionales."
"CL-SP-138","Instituto Nacional del Deporte (CHILEDEPORTES)","","Poder Ejecutivo","Servicio público / repartición listada por Gob.cl","","Nacional o desconcentrado","","","","","","","SRC-GOB","official_directory_as_published","2026-09-19","Registro preservado exactamente como aparece en el directorio Gob.cl; puede requerir normalización por cambios institucionales."
"CL-SP-139","Servicio Nacional del Patrimonio Cultural","","Poder Ejecutivo","Servicio público / repartición listada por Gob.cl","","Nacional o desconcentrado","","","","","","","SRC-GOB","official_directory_as_published","2026-09-19","Registro preservado exactamente como aparece en el directorio Gob.cl; puede requerir normalización por cambios institucionales."
"CL-SP-140","Agencia Nacional de Investigación y Desarrollo","","Poder Ejecutivo","Servicio público / repartición listada por Gob.cl","","Nacional o desconcentrado","","","","","","","SRC-GOB","official_directory_as_published","2026-09-19","Registro preservado exactamente como aparece en el directorio Gob.cl; puede requerir normalización por cambios institucionales."
"CL-SP-141","Comisión Nacional de Seguridad de Tránsito","","Poder Ejecutivo","Servicio público / repartición listada por Gob.cl","","Nacional o desconcentrado","","","","","","","SRC-GOB","official_directory_as_published","2026-09-19","Registro preservado exactamente como aparece en el directorio Gob.cl; puede requerir normalización por cambios institucionales."
"CL-SP-142","Superintendencia de Educación Superior","","Poder Ejecutivo","Servicio público / repartición listada por Gob.cl","","Nacional o desconcentrado","","","","","","","SRC-GOB","official_directory_as_published","2026-09-19","Registro preservado exactamente como aparece en el directorio Gob.cl; puede requerir normalización por cambios institucionales."
"CL-SP-143","ProChile","","Poder Ejecutivo","Servicio público / repartición listada por Gob.cl","","Nacional o desconcentrado","","","","","","","SRC-GOB","official_directory_as_published","2026-09-19","Registro preservado exactamente como aparece en el directorio Gob.cl; puede requerir normalización por cambios institucionales."
"CL-SP-144","Servicio Nacional de Prevención y Respuesta ante Desastres","","Poder Ejecutivo","Servicio público / repartición listada por Gob.cl","","Nacional o desconcentrado","","","","","","","SRC-GOB","official_directory_as_published","2026-09-19","Registro preservado exactamente como aparece en el directorio Gob.cl; puede requerir normalización por cambios institucionales."
"CL-SP-145","Agencia de Calidad de la Educación","","Poder Ejecutivo","Servicio público / repartición listada por Gob.cl","","Nacional o desconcentrado","","","","","","","SRC-GOB","official_directory_as_published","2026-09-19","Registro preservado exactamente como aparece en el directorio Gob.cl; puede requerir normalización por cambios institucionales."
"CL-SP-146","Educación Pública","","Poder Ejecutivo","Servicio público / repartición listada por Gob.cl","","Nacional o desconcentrado","","","","","","","SRC-GOB","official_directory_as_published","2026-09-19","Registro preservado exactamente como aparece en el directorio Gob.cl; puede requerir normalización por cambios institucionales."
"CL-SP-147","Instituto Nacional de Desarrollo Sustentable de la Pesca Artesanal y de la Acuicultura de Pequeña Escala (INDESPA)","","Poder Ejecutivo","Servicio público / repartición listada por Gob.cl","","Nacional o desconcentrado","","","","","","","SRC-GOB","official_directory_as_published","2026-09-19","Registro preservado exactamente como aparece en el directorio Gob.cl; puede requerir normalización por cambios institucionales."
"CL-SP-148","Dirección General de Aguas (DGA)","","Poder Ejecutivo","Servicio público / repartición listada por Gob.cl","","Nacional o desconcentrado","","","","","","","SRC-GOB","official_directory_as_published","2026-09-19","Registro preservado exactamente como aparece en el directorio Gob.cl; puede requerir normalización por cambios institucionales."
"CL-SP-149","Dirección de Contabilidad y Finanzas","","Poder Ejecutivo","Servicio público / repartición listada por Gob.cl","","Nacional o desconcentrado","","","","","","","SRC-GOB","official_directory_as_published","2026-09-19","Registro preservado exactamente como aparece en el directorio Gob.cl; puede requerir normalización por cambios institucionales."
"CL-SP-150","Dirección de Obras Hidráulicas (DOH)","","Poder Ejecutivo","Servicio público / repartición listada por Gob.cl","","Nacional o desconcentrado","","","","","","","SRC-GOB","official_directory_as_published","2026-09-19","Registro preservado exactamente como aparece en el directorio Gob.cl; puede requerir normalización por cambios institucionales."
"CL-SP-151","Dirección de Obras Portuarias (DOP)","","Poder Ejecutivo","Servicio público / repartición listada por Gob.cl","","Nacional o desconcentrado","","","","","","","SRC-GOB","official_directory_as_published","2026-09-19","Registro preservado exactamente como aparece en el directorio Gob.cl; puede requerir normalización por cambios institucionales."
"CL-SP-152","Dirección de Planeamiento (DIRPLAN)","","Poder Ejecutivo","Servicio público / repartición listada por Gob.cl","","Nacional o desconcentrado","","","","","","","SRC-GOB","official_directory_as_published","2026-09-19","Registro preservado exactamente como aparece en el directorio Gob.cl; puede requerir normalización por cambios institucionales."
"CL-SP-153","Dirección de Vialidad","","Poder Ejecutivo","Servicio público / repartición listada por Gob.cl","","Nacional o desconcentrado","","","","","","","SRC-GOB","official_directory_as_published","2026-09-19","Registro preservado exactamente como aparece en el directorio Gob.cl; puede requerir normalización por cambios institucionales."
"CL-SP-154","Servicio Nacional de la Mujer y la Equidad de Género (SernamEG)","","Poder Ejecutivo","Servicio público / repartición listada por Gob.cl","","Nacional o desconcentrado","","","","","","","SRC-GOB","official_directory_as_published","2026-09-19","Registro preservado exactamente como aparece en el directorio Gob.cl; puede requerir normalización por cambios institucionales."
"CL-SP-155","Servicio de Salud Antofagasta","","Poder Ejecutivo","Servicio público / repartición listada por Gob.cl","","Nacional o desconcentrado","","","","","","","SRC-GOB","official_directory_as_published","2026-09-19","Registro preservado exactamente como aparece en el directorio Gob.cl; puede requerir normalización por cambios institucionales."
"CL-SP-156","Servicio de Salud Arauco","","Poder Ejecutivo","Servicio público / repartición listada por Gob.cl","","Nacional o desconcentrado","","","","","","","SRC-GOB","official_directory_as_published","2026-09-19","Registro preservado exactamente como aparece en el directorio Gob.cl; puede requerir normalización por cambios institucionales."
"CL-SP-157","Servicio de Salud Aysén","","Poder Ejecutivo","Servicio público / repartición listada por Gob.cl","","Nacional o desconcentrado","","","","","","","SRC-GOB","official_directory_as_published","2026-09-19","Registro preservado exactamente como aparece en el directorio Gob.cl; puede requerir normalización por cambios institucionales."
"CL-SP-158","Servicio de Salud del Reloncaví","","Poder Ejecutivo","Servicio público / repartición listada por Gob.cl","","Nacional o desconcentrado","","","","","","","SRC-GOB","official_directory_as_published","2026-09-19","Registro preservado exactamente como aparece en el directorio Gob.cl; puede requerir normalización por cambios institucionales."
"CL-SP-159","Servicio de Salud Magallanes","","Poder Ejecutivo","Servicio público / repartición listada por Gob.cl","","Nacional o desconcentrado","","","","","","","SRC-GOB","official_directory_as_published","2026-09-19","Registro preservado exactamente como aparece en el directorio Gob.cl; puede requerir normalización por cambios institucionales."
"CL-SP-160","Servicio de Salud Metropolitano Occidente","","Poder Ejecutivo","Servicio público / repartición listada por Gob.cl","","Nacional o desconcentrado","","","","","","","SRC-GOB","official_directory_as_published","2026-09-19","Registro preservado exactamente como aparece en el directorio Gob.cl; puede requerir normalización por cambios institucionales."
"CL-SP-161","Servicio de Salud Metropolitano Oriente","","Poder Ejecutivo","Servicio público / repartición listada por Gob.cl","","Nacional o desconcentrado","","","","","","","SRC-GOB","official_directory_as_published","2026-09-19","Registro preservado exactamente como aparece en el directorio Gob.cl; puede requerir normalización por cambios institucionales."
"CL-SP-162","Servicio de Salud Osorno","","Poder Ejecutivo","Servicio público / repartición listada por Gob.cl","","Nacional o desconcentrado","","","","","","","SRC-GOB","official_directory_as_published","2026-09-19","Registro preservado exactamente como aparece en el directorio Gob.cl; puede requerir normalización por cambios institucionales."
"CL-SUP-ANCI","Agencia Nacional de Ciberseguridad","ANCI","Poder Ejecutivo","Servicio público / agencia","CL-MIN-SEG","Nacional","","","","","Ciberseguridad","Vigente","SRC-ANCI","current_official_supplement","2026-09-19","Suplemento actual verificado para corregir/expandir el directorio general."
"CL-SUP-SERMIG","Servicio Nacional de Migraciones","SERMIG","Poder Ejecutivo","Servicio público","CL-MIN-INT","Nacional","","","","","Migraciones","Vigente","SRC-SERMIG","current_official_supplement","2026-09-19","Suplemento actual verificado para corregir/expandir el directorio general."
"CL-SUP-SBAP","Servicio de Biodiversidad y Áreas Protegidas","SBAP","Poder Ejecutivo","Servicio público","CL-MIN-MMA","Nacional","","","","","Biodiversidad y áreas protegidas","Vigente","SRC-SBAP","current_official_supplement","2026-09-19","Suplemento actual verificado para corregir/expandir el directorio general."
"CL-SUP-CMF","Comisión para el Mercado Financiero","CMF","Poder Ejecutivo","Organismo regulador","CL-MIN-HAC","Nacional","","","","","Mercado financiero","Vigente","SRC-CMF","current_official_supplement","2026-09-19","Suplemento actual verificado para corregir/expandir el directorio general."
"CL-GORE-15","Gobierno Regional de Arica y Parinacota","GORE","Administración territorial","Gobierno Regional","","Regional","15","Región de Arica y Parinacota","","","Gobierno y desarrollo regional","Órgano territorial descentralizado","SRC-BCN","territorial_catalogue_complete","2026-09-19",""
"CL-DPR-15","Delegación Presidencial Regional de Arica y Parinacota","DPR","Poder Ejecutivo","Delegación Presidencial Regional","CL-MIN-INT","Regional","15","Región de Arica y Parinacota","","","Gobierno interior","Órgano territorial desconcentrado","SRC-INTERIOR","territorial_catalogue_complete","2026-09-19",""
"CL-GORE-01","Gobierno Regional de Tarapacá","GORE","Administración territorial","Gobierno Regional","","Regional","01","Región de Tarapacá","","","Gobierno y desarrollo regional","Órgano territorial descentralizado","SRC-BCN","territorial_catalogue_complete","2026-09-19",""
"CL-DPR-01","Delegación Presidencial Regional de Tarapacá","DPR","Poder Ejecutivo","Delegación Presidencial Regional","CL-MIN-INT","Regional","01","Región de Tarapacá","","","Gobierno interior","Órgano territorial desconcentrado","SRC-INTERIOR","territorial_catalogue_complete","2026-09-19",""
"CL-GORE-02","Gobierno Regional de Antofagasta","GORE","Administración territorial","Gobierno Regional","","Regional","02","Región de Antofagasta","","","Gobierno y desarrollo regional","Órgano territorial descentralizado","SRC-BCN","territorial_catalogue_complete","2026-09-19",""
"CL-DPR-02","Delegación Presidencial Regional de Antofagasta","DPR","Poder Ejecutivo","Delegación Presidencial Regional","CL-MIN-INT","Regional","02","Región de Antofagasta","","","Gobierno interior","Órgano territorial desconcentrado","SRC-INTERIOR","territorial_catalogue_complete","2026-09-19",""
"CL-GORE-03","Gobierno Regional de Atacama","GORE","Administración territorial","Gobierno Regional","","Regional","03","Región de Atacama","","","Gobierno y desarrollo regional","Órgano territorial descentralizado","SRC-BCN","territorial_catalogue_complete","2026-09-19",""
"CL-DPR-03","Delegación Presidencial Regional de Atacama","DPR","Poder Ejecutivo","Delegación Presidencial Regional","CL-MIN-INT","Regional","03","Región de Atacama","","","Gobierno interior","Órgano territorial desconcentrado","SRC-INTERIOR","territorial_catalogue_complete","2026-09-19",""
"CL-GORE-04","Gobierno Regional de Coquimbo","GORE","Administración territorial","Gobierno Regional","","Regional","04","Región de Coquimbo","","","Gobierno y desarrollo regional","Órgano territorial descentralizado","SRC-BCN","territorial_catalogue_complete","2026-09-19",""
"CL-DPR-04","Delegación Presidencial Regional de Coquimbo","DPR","Poder Ejecutivo","Delegación Presidencial Regional","CL-MIN-INT","Regional","04","Región de Coquimbo","","","Gobierno interior","Órgano territorial desconcentrado","SRC-INTERIOR","territorial_catalogue_complete","2026-09-19",""
"CL-GORE-05","Gobierno Regional de Valparaíso","GORE","Administración territorial","Gobierno Regional","","Regional","05","Región de Valparaíso","","","Gobierno y desarrollo regional","Órgano territorial descentralizado","SRC-BCN","territorial_catalogue_complete","2026-09-19",""
"CL-DPR-05","Delegación Presidencial Regional de Valparaíso","DPR","Poder Ejecutivo","Delegación Presidencial Regional","CL-MIN-INT","Regional","05","Región de Valparaíso","","","Gobierno interior","Órgano territorial desconcentrado","SRC-INTERIOR","territorial_catalogue_complete","2026-09-19",""
"CL-GORE-06","Gobierno Regional de Libertador General Bernardo O'Higgins","GORE","Administración territorial","Gobierno Regional","","Regional","06","Región del Libertador General Bernardo O'Higgins","","","Gobierno y desarrollo regional","Órgano territorial descentralizado","SRC-BCN","territorial_catalogue_complete","2026-09-19",""
"CL-DPR-06","Delegación Presidencial Regional de Libertador General Bernardo O'Higgins","DPR","Poder Ejecutivo","Delegación Presidencial Regional","CL-MIN-INT","Regional","06","Región del Libertador General Bernardo O'Higgins","","","Gobierno interior","Órgano territorial desconcentrado","SRC-INTERIOR","territorial_catalogue_complete","2026-09-19",""
"CL-GORE-07","Gobierno Regional de Maule","GORE","Administración territorial","Gobierno Regional","","Regional","07","Región del Maule","","","Gobierno y desarrollo regional","Órgano territorial descentralizado","SRC-BCN","territorial_catalogue_complete","2026-09-19",""
"CL-DPR-07","Delegación Presidencial Regional de Maule","DPR","Poder Ejecutivo","Delegación Presidencial Regional","CL-MIN-INT","Regional","07","Región del Maule","","","Gobierno interior","Órgano territorial desconcentrado","SRC-INTERIOR","territorial_catalogue_complete","2026-09-19",""
"CL-GORE-16","Gobierno Regional de Ñuble","GORE","Administración territorial","Gobierno Regional","","Regional","16","Región de Ñuble","","","Gobierno y desarrollo regional","Órgano territorial descentralizado","SRC-BCN","territorial_catalogue_complete","2026-09-19",""
"CL-DPR-16","Delegación Presidencial Regional de Ñuble","DPR","Poder Ejecutivo","Delegación Presidencial Regional","CL-MIN-INT","Regional","16","Región de Ñuble","","","Gobierno interior","Órgano territorial desconcentrado","SRC-INTERIOR","territorial_catalogue_complete","2026-09-19",""
"CL-GORE-08","Gobierno Regional de Biobío","GORE","Administración territorial","Gobierno Regional","","Regional","08","Región del Biobío","","","Gobierno y desarrollo regional","Órgano territorial descentralizado","SRC-BCN","territorial_catalogue_complete","2026-09-19",""
"CL-DPR-08","Delegación Presidencial Regional de Biobío","DPR","Poder Ejecutivo","Delegación Presidencial Regional","CL-MIN-INT","Regional","08","Región del Biobío","","","Gobierno interior","Órgano territorial desconcentrado","SRC-INTERIOR","territorial_catalogue_complete","2026-09-19",""
"CL-GORE-09","Gobierno Regional de La Araucanía","GORE","Administración territorial","Gobierno Regional","","Regional","09","Región de La Araucanía","","","Gobierno y desarrollo regional","Órgano territorial descentralizado","SRC-BCN","territorial_catalogue_complete","2026-09-19",""
"CL-DPR-09","Delegación Presidencial Regional de La Araucanía","DPR","Poder Ejecutivo","Delegación Presidencial Regional","CL-MIN-INT","Regional","09","Región de La Araucanía","","","Gobierno interior","Órgano territorial desconcentrado","SRC-INTERIOR","territorial_catalogue_complete","2026-09-19",""
"CL-GORE-14","Gobierno Regional de Los Ríos","GORE","Administración territorial","Gobierno Regional","","Regional","14","Región de Los Ríos","","","Gobierno y desarrollo regional","Órgano territorial descentralizado","SRC-BCN","territorial_catalogue_complete","2026-09-19",""
"CL-DPR-14","Delegación Presidencial Regional de Los Ríos","DPR","Poder Ejecutivo","Delegación Presidencial Regional","CL-MIN-INT","Regional","14","Región de Los Ríos","","","Gobierno interior","Órgano territorial desconcentrado","SRC-INTERIOR","territorial_catalogue_complete","2026-09-19",""
"CL-GORE-10","Gobierno Regional de Los Lagos","GORE","Administración territorial","Gobierno Regional","","Regional","10","Región de Los Lagos","","","Gobierno y desarrollo regional","Órgano territorial descentralizado","SRC-BCN","territorial_catalogue_complete","2026-09-19",""
"CL-DPR-10","Delegación Presidencial Regional de Los Lagos","DPR","Poder Ejecutivo","Delegación Presidencial Regional","CL-MIN-INT","Regional","10","Región de Los Lagos","","","Gobierno interior","Órgano territorial desconcentrado","SRC-INTERIOR","territorial_catalogue_complete","2026-09-19",""
"CL-GORE-11","Gobierno Regional de Aysén del General Carlos Ibáñez del Campo","GORE","Administración territorial","Gobierno Regional","","Regional","11","Región de Aysén del General Carlos Ibáñez del Campo","","","Gobierno y desarrollo regional","Órgano territorial descentralizado","SRC-BCN","territorial_catalogue_complete","2026-09-19",""
"CL-DPR-11","Delegación Presidencial Regional de Aysén del General Carlos Ibáñez del Campo","DPR","Poder Ejecutivo","Delegación Presidencial Regional","CL-MIN-INT","Regional","11","Región de Aysén del General Carlos Ibáñez del Campo","","","Gobierno interior","Órgano territorial desconcentrado","SRC-INTERIOR","territorial_catalogue_complete","2026-09-19",""
"CL-GORE-12","Gobierno Regional de Magallanes y de la Antártica Chilena","GORE","Administración territorial","Gobierno Regional","","Regional","12","Región de Magallanes y de la Antártica Chilena","","","Gobierno y desarrollo regional","Órgano territorial descentralizado","SRC-BCN","territorial_catalogue_complete","2026-09-19",""
"CL-DPR-12","Delegación Presidencial Regional de Magallanes y de la Antártica Chilena","DPR","Poder Ejecutivo","Delegación Presidencial Regional","CL-MIN-INT","Regional","12","Región de Magallanes y de la Antártica Chilena","","","Gobierno interior","Órgano territorial desconcentrado","SRC-INTERIOR","territorial_catalogue_complete","2026-09-19",""
"CL-GORE-13","Gobierno Regional de Santiago","GORE","Administración territorial","Gobierno Regional","","Regional","13","Región Metropolitana de Santiago","","","Gobierno y desarrollo regional","Órgano territorial descentralizado","SRC-BCN","territorial_catalogue_complete","2026-09-19",""
"CL-DPR-13","Delegación Presidencial Regional de Santiago","DPR","Poder Ejecutivo","Delegación Presidencial Regional","CL-MIN-INT","Regional","13","Región Metropolitana de Santiago","","","Gobierno interior","Órgano territorial desconcentrado","SRC-INTERIOR","territorial_catalogue_complete","2026-09-19",""
"CL-DPP-152","Delegación Presidencial Provincial de Parinacota","DPP","Poder Ejecutivo","Delegación Presidencial Provincial","CL-MIN-INT","Provincial","15","Región de Arica y Parinacota","","","Gobierno interior","Órgano territorial desconcentrado","SRC-INTERIOR","territorial_catalogue_complete","2026-09-19",""
"CL-DPP-014","Delegación Presidencial Provincial de Tamarugal","DPP","Poder Ejecutivo","Delegación Presidencial Provincial","CL-MIN-INT","Provincial","01","Región de Tarapacá","","","Gobierno interior","Órgano territorial desconcentrado","SRC-INTERIOR","territorial_catalogue_complete","2026-09-19",""
"CL-DPP-022","Delegación Presidencial Provincial de El Loa","DPP","Poder Ejecutivo","Delegación Presidencial Provincial","CL-MIN-INT","Provincial","02","Región de Antofagasta","","","Gobierno interior","Órgano territorial desconcentrado","SRC-INTERIOR","territorial_catalogue_complete","2026-09-19",""
"CL-DPP-023","Delegación Presidencial Provincial de Tocopilla","DPP","Poder Ejecutivo","Delegación Presidencial Provincial","CL-MIN-INT","Provincial","02","Región de Antofagasta","","","Gobierno interior","Órgano territorial desconcentrado","SRC-INTERIOR","territorial_catalogue_complete","2026-09-19",""
"CL-DPP-032","Delegación Presidencial Provincial de Chañaral","DPP","Poder Ejecutivo","Delegación Presidencial Provincial","CL-MIN-INT","Provincial","03","Región de Atacama","","","Gobierno interior","Órgano territorial desconcentrado","SRC-INTERIOR","territorial_catalogue_complete","2026-09-19",""
"CL-DPP-033","Delegación Presidencial Provincial de Huasco","DPP","Poder Ejecutivo","Delegación Presidencial Provincial","CL-MIN-INT","Provincial","03","Región de Atacama","","","Gobierno interior","Órgano territorial desconcentrado","SRC-INTERIOR","territorial_catalogue_complete","2026-09-19",""
"CL-DPP-042","Delegación Presidencial Provincial de Choapa","DPP","Poder Ejecutivo","Delegación Presidencial Provincial","CL-MIN-INT","Provincial","04","Región de Coquimbo","","","Gobierno interior","Órgano territorial desconcentrado","SRC-INTERIOR","territorial_catalogue_complete","2026-09-19",""
"CL-DPP-043","Delegación Presidencial Provincial de Limarí","DPP","Poder Ejecutivo","Delegación Presidencial Provincial","CL-MIN-INT","Provincial","04","Región de Coquimbo","","","Gobierno interior","Órgano territorial desconcentrado","SRC-INTERIOR","territorial_catalogue_complete","2026-09-19",""
"CL-DPP-052","Delegación Presidencial Provincial de Isla de Pascua","DPP","Poder Ejecutivo","Delegación Presidencial Provincial","CL-MIN-INT","Provincial","05","Región de Valparaíso","","","Gobierno interior","Órgano territorial desconcentrado","SRC-INTERIOR","territorial_catalogue_complete","2026-09-19",""
"CL-DPP-053","Delegación Presidencial Provincial de Los Andes","DPP","Poder Ejecutivo","Delegación Presidencial Provincial","CL-MIN-INT","Provincial","05","Región de Valparaíso","","","Gobierno interior","Órgano territorial desconcentrado","SRC-INTERIOR","territorial_catalogue_complete","2026-09-19",""
"CL-DPP-054","Delegación Presidencial Provincial de Petorca","DPP","Poder Ejecutivo","Delegación Presidencial Provincial","CL-MIN-INT","Provincial","05","Región de Valparaíso","","","Gobierno interior","Órgano territorial desconcentrado","SRC-INTERIOR","territorial_catalogue_complete","2026-09-19",""
"CL-DPP-055","Delegación Presidencial Provincial de Quillota","DPP","Poder Ejecutivo","Delegación Presidencial Provincial","CL-MIN-INT","Provincial","05","Región de Valparaíso","","","Gobierno interior","Órgano territorial desconcentrado","SRC-INTERIOR","territorial_catalogue_complete","2026-09-19",""
"CL-DPP-056","Delegación Presidencial Provincial de San Antonio","DPP","Poder Ejecutivo","Delegación Presidencial Provincial","CL-MIN-INT","Provincial","05","Región de Valparaíso","","","Gobierno interior","Órgano territorial desconcentrado","SRC-INTERIOR","territorial_catalogue_complete","2026-09-19",""
"CL-DPP-057","Delegación Presidencial Provincial de San Felipe de Aconcagua","DPP","Poder Ejecutivo","Delegación Presidencial Provincial","CL-MIN-INT","Provincial","05","Región de Valparaíso","","","Gobierno interior","Órgano territorial desconcentrado","SRC-INTERIOR","territorial_catalogue_complete","2026-09-19",""
"CL-DPP-058","Delegación Presidencial Provincial de Marga Marga","DPP","Poder Ejecutivo","Delegación Presidencial Provincial","CL-MIN-INT","Provincial","05","Región de Valparaíso","","","Gobierno interior","Órgano territorial desconcentrado","SRC-INTERIOR","territorial_catalogue_complete","2026-09-19",""
"CL-DPP-132","Delegación Presidencial Provincial de Cordillera","DPP","Poder Ejecutivo","Delegación Presidencial Provincial","CL-MIN-INT","Provincial","13","Región Metropolitana de Santiago","","","Gobierno interior","Órgano territorial desconcentrado","SRC-INTERIOR","territorial_catalogue_complete","2026-09-19",""
"CL-DPP-133","Delegación Presidencial Provincial de Chacabuco","DPP","Poder Ejecutivo","Delegación Presidencial Provincial","CL-MIN-INT","Provincial","13","Región Metropolitana de Santiago","","","Gobierno interior","Órgano territorial desconcentrado","SRC-INTERIOR","territorial_catalogue_complete","2026-09-19",""
"CL-DPP-134","Delegación Presidencial Provincial de Maipo","DPP","Poder Ejecutivo","Delegación Presidencial Provincial","CL-MIN-INT","Provincial","13","Región Metropolitana de Santiago","","","Gobierno interior","Órgano territorial desconcentrado","SRC-INTERIOR","territorial_catalogue_complete","2026-09-19",""
"CL-DPP-135","Delegación Presidencial Provincial de Melipilla","DPP","Poder Ejecutivo","Delegación Presidencial Provincial","CL-MIN-INT","Provincial","13","Región Metropolitana de Santiago","","","Gobierno interior","Órgano territorial desconcentrado","SRC-INTERIOR","territorial_catalogue_complete","2026-09-19",""
"CL-DPP-136","Delegación Presidencial Provincial de Talagante","DPP","Poder Ejecutivo","Delegación Presidencial Provincial","CL-MIN-INT","Provincial","13","Región Metropolitana de Santiago","","","Gobierno interior","Órgano territorial desconcentrado","SRC-INTERIOR","territorial_catalogue_complete","2026-09-19",""
"CL-DPP-062","Delegación Presidencial Provincial de Cardenal Caro","DPP","Poder Ejecutivo","Delegación Presidencial Provincial","CL-MIN-INT","Provincial","06","Región del Libertador General Bernardo O'Higgins","","","Gobierno interior","Órgano territorial desconcentrado","SRC-INTERIOR","territorial_catalogue_complete","2026-09-19",""
"CL-DPP-063","Delegación Presidencial Provincial de Colchagua","DPP","Poder Ejecutivo","Delegación Presidencial Provincial","CL-MIN-INT","Provincial","06","Región del Libertador General Bernardo O'Higgins","","","Gobierno interior","Órgano territorial desconcentrado","SRC-INTERIOR","territorial_catalogue_complete","2026-09-19",""
"CL-DPP-072","Delegación Presidencial Provincial de Cauquenes","DPP","Poder Ejecutivo","Delegación Presidencial Provincial","CL-MIN-INT","Provincial","07","Región del Maule","","","Gobierno interior","Órgano territorial desconcentrado","SRC-INTERIOR","territorial_catalogue_complete","2026-09-19",""
"CL-DPP-073","Delegación Presidencial Provincial de Curicó","DPP","Poder Ejecutivo","Delegación Presidencial Provincial","CL-MIN-INT","Provincial","07","Región del Maule","","","Gobierno interior","Órgano territorial desconcentrado","SRC-INTERIOR","territorial_catalogue_complete","2026-09-19",""
"CL-DPP-074","Delegación Presidencial Provincial de Linares","DPP","Poder Ejecutivo","Delegación Presidencial Provincial","CL-MIN-INT","Provincial","07","Región del Maule","","","Gobierno interior","Órgano territorial desconcentrado","SRC-INTERIOR","territorial_catalogue_complete","2026-09-19",""
"CL-DPP-162","Delegación Presidencial Provincial de Itata","DPP","Poder Ejecutivo","Delegación Presidencial Provincial","CL-MIN-INT","Provincial","16","Región de Ñuble","","","Gobierno interior","Órgano territorial desconcentrado","SRC-INTERIOR","territorial_catalogue_complete","2026-09-19",""
"CL-DPP-163","Delegación Presidencial Provincial de Punilla","DPP","Poder Ejecutivo","Delegación Presidencial Provincial","CL-MIN-INT","Provincial","16","Región de Ñuble","","","Gobierno interior","Órgano territorial desconcentrado","SRC-INTERIOR","territorial_catalogue_complete","2026-09-19",""
"CL-DPP-082","Delegación Presidencial Provincial de Arauco","DPP","Poder Ejecutivo","Delegación Presidencial Provincial","CL-MIN-INT","Provincial","08","Región del Biobío","","","Gobierno interior","Órgano territorial desconcentrado","SRC-INTERIOR","territorial_catalogue_complete","2026-09-19",""
"CL-DPP-083","Delegación Presidencial Provincial de Biobío","DPP","Poder Ejecutivo","Delegación Presidencial Provincial","CL-MIN-INT","Provincial","08","Región del Biobío","","","Gobierno interior","Órgano territorial desconcentrado","SRC-INTERIOR","territorial_catalogue_complete","2026-09-19",""
"CL-DPP-092","Delegación Presidencial Provincial de Malleco","DPP","Poder Ejecutivo","Delegación Presidencial Provincial","CL-MIN-INT","Provincial","09","Región de La Araucanía","","","Gobierno interior","Órgano territorial desconcentrado","SRC-INTERIOR","territorial_catalogue_complete","2026-09-19",""
"CL-DPP-142","Delegación Presidencial Provincial de Ranco","DPP","Poder Ejecutivo","Delegación Presidencial Provincial","CL-MIN-INT","Provincial","14","Región de Los Ríos","","","Gobierno interior","Órgano territorial desconcentrado","SRC-INTERIOR","territorial_catalogue_complete","2026-09-19",""
"CL-DPP-102","Delegación Presidencial Provincial de Chiloé","DPP","Poder Ejecutivo","Delegación Presidencial Provincial","CL-MIN-INT","Provincial","10","Región de Los Lagos","","","Gobierno interior","Órgano territorial desconcentrado","SRC-INTERIOR","territorial_catalogue_complete","2026-09-19",""
"CL-DPP-103","Delegación Presidencial Provincial de Osorno","DPP","Poder Ejecutivo","Delegación Presidencial Provincial","CL-MIN-INT","Provincial","10","Región de Los Lagos","","","Gobierno interior","Órgano territorial desconcentrado","SRC-INTERIOR","territorial_catalogue_complete","2026-09-19",""
"CL-DPP-104","Delegación Presidencial Provincial de Palena","DPP","Poder Ejecutivo","Delegación Presidencial Provincial","CL-MIN-INT","Provincial","10","Región de Los Lagos","","","Gobierno interior","Órgano territorial desconcentrado","SRC-INTERIOR","territorial_catalogue_complete","2026-09-19",""
"CL-DPP-112","Delegación Presidencial Provincial de Aysén","DPP","Poder Ejecutivo","Delegación Presidencial Provincial","CL-MIN-INT","Provincial","11","Región de Aysén del General Carlos Ibáñez del Campo","","","Gobierno interior","Órgano territorial desconcentrado","SRC-INTERIOR","territorial_catalogue_complete","2026-09-19",""
"CL-DPP-113","Delegación Presidencial Provincial de Capitán Prat","DPP","Poder Ejecutivo","Delegación Presidencial Provincial","CL-MIN-INT","Provincial","11","Región de Aysén del General Carlos Ibáñez del Campo","","","Gobierno interior","Órgano territorial desconcentrado","SRC-INTERIOR","territorial_catalogue_complete","2026-09-19",""
"CL-DPP-114","Delegación Presidencial Provincial de General Carrera","DPP","Poder Ejecutivo","Delegación Presidencial Provincial","CL-MIN-INT","Provincial","11","Región de Aysén del General Carlos Ibáñez del Campo","","","Gobierno interior","Órgano territorial desconcentrado","SRC-INTERIOR","territorial_catalogue_complete","2026-09-19",""
"CL-DPP-122","Delegación Presidencial Provincial de Antártica Chilena","DPP","Poder Ejecutivo","Delegación Presidencial Provincial","CL-MIN-INT","Provincial","12","Región de Magallanes y de la Antártica Chilena","","","Gobierno interior","Órgano territorial desconcentrado","SRC-INTERIOR","territorial_catalogue_complete","2026-09-19",""
"CL-DPP-123","Delegación Presidencial Provincial de Tierra del Fuego","DPP","Poder Ejecutivo","Delegación Presidencial Provincial","CL-MIN-INT","Provincial","12","Región de Magallanes y de la Antártica Chilena","","","Gobierno interior","Órgano territorial desconcentrado","SRC-INTERIOR","territorial_catalogue_complete","2026-09-19",""
"CL-DPP-124","Delegación Presidencial Provincial de Última Esperanza","DPP","Poder Ejecutivo","Delegación Presidencial Provincial","CL-MIN-INT","Provincial","12","Región de Magallanes y de la Antártica Chilena","","","Gobierno interior","Órgano territorial desconcentrado","SRC-INTERIOR","territorial_catalogue_complete","2026-09-19",""
"CL-MUN-01101","Municipalidad de Iquique","","Administración territorial","Municipalidad","","Comunal","01","Región de Tarapacá","01101","Iquique","Gobierno local","Municipalidad autónoma","SRC-SUBDERE","territorial_catalogue_complete","2026-09-19","Antártica (12202) no tiene municipalidad propia; su agrupación es administrada por Cabo de Hornos."
"CL-MUN-01107","Municipalidad de Alto Hospicio","","Administración territorial","Municipalidad","","Comunal","01","Región de Tarapacá","01107","Alto Hospicio","Gobierno local","Municipalidad autónoma","SRC-SUBDERE","territorial_catalogue_complete","2026-09-19","Antártica (12202) no tiene municipalidad propia; su agrupación es administrada por Cabo de Hornos."
"CL-MUN-01401","Municipalidad de Pozo Almonte","","Administración territorial","Municipalidad","","Comunal","01","Región de Tarapacá","01401","Pozo Almonte","Gobierno local","Municipalidad autónoma","SRC-SUBDERE","territorial_catalogue_complete","2026-09-19","Antártica (12202) no tiene municipalidad propia; su agrupación es administrada por Cabo de Hornos."
"CL-MUN-01402","Municipalidad de Camiña","","Administración territorial","Municipalidad","","Comunal","01","Región de Tarapacá","01402","Camiña","Gobierno local","Municipalidad autónoma","SRC-SUBDERE","territorial_catalogue_complete","2026-09-19","Antártica (12202) no tiene municipalidad propia; su agrupación es administrada por Cabo de Hornos."
"CL-MUN-01403","Municipalidad de Colchane","","Administración territorial","Municipalidad","","Comunal","01","Región de Tarapacá","01403","Colchane","Gobierno local","Municipalidad autónoma","SRC-SUBDERE","territorial_catalogue_complete","2026-09-19","Antártica (12202) no tiene municipalidad propia; su agrupación es administrada por Cabo de Hornos."
"CL-MUN-01404","Municipalidad de Huara","","Administración territorial","Municipalidad","","Comunal","01","Región de Tarapacá","01404","Huara","Gobierno local","Municipalidad autónoma","SRC-SUBDERE","territorial_catalogue_complete","2026-09-19","Antártica (12202) no tiene municipalidad propia; su agrupación es administrada por Cabo de Hornos."
"CL-MUN-01405","Municipalidad de Pica","","Administración territorial","Municipalidad","","Comunal","01","Región de Tarapacá","01405","Pica","Gobierno local","Municipalidad autónoma","SRC-SUBDERE","territorial_catalogue_complete","2026-09-19","Antártica (12202) no tiene municipalidad propia; su agrupación es administrada por Cabo de Hornos."
"CL-MUN-02101","Municipalidad de Antofagasta","","Administración territorial","Municipalidad","","Comunal","02","Región de Antofagasta","02101","Antofagasta","Gobierno local","Municipalidad autónoma","SRC-SUBDERE","territorial_catalogue_complete","2026-09-19","Antártica (12202) no tiene municipalidad propia; su agrupación es administrada por Cabo de Hornos."
"CL-MUN-02102","Municipalidad de Mejillones","","Administración territorial","Municipalidad","","Comunal","02","Región de Antofagasta","02102","Mejillones","Gobierno local","Municipalidad autónoma","SRC-SUBDERE","territorial_catalogue_complete","2026-09-19","Antártica (12202) no tiene municipalidad propia; su agrupación es administrada por Cabo de Hornos."
"CL-MUN-02103","Municipalidad de Sierra Gorda","","Administración territorial","Municipalidad","","Comunal","02","Región de Antofagasta","02103","Sierra Gorda","Gobierno local","Municipalidad autónoma","SRC-SUBDERE","territorial_catalogue_complete","2026-09-19","Antártica (12202) no tiene municipalidad propia; su agrupación es administrada por Cabo de Hornos."
"CL-MUN-02104","Municipalidad de Taltal","","Administración territorial","Municipalidad","","Comunal","02","Región de Antofagasta","02104","Taltal","Gobierno local","Municipalidad autónoma","SRC-SUBDERE","territorial_catalogue_complete","2026-09-19","Antártica (12202) no tiene municipalidad propia; su agrupación es administrada por Cabo de Hornos."
"CL-MUN-02201","Municipalidad de Calama","","Administración territorial","Municipalidad","","Comunal","02","Región de Antofagasta","02201","Calama","Gobierno local","Municipalidad autónoma","SRC-SUBDERE","territorial_catalogue_complete","2026-09-19","Antártica (12202) no tiene municipalidad propia; su agrupación es administrada por Cabo de Hornos."
"CL-MUN-02202","Municipalidad de Ollagüe","","Administración territorial","Municipalidad","","Comunal","02","Región de Antofagasta","02202","Ollagüe","Gobierno local","Municipalidad autónoma","SRC-SUBDERE","territorial_catalogue_complete","2026-09-19","Antártica (12202) no tiene municipalidad propia; su agrupación es administrada por Cabo de Hornos."
"CL-MUN-02203","Municipalidad de San Pedro de Atacama","","Administración territorial","Municipalidad","","Comunal","02","Región de Antofagasta","02203","San Pedro de Atacama","Gobierno local","Municipalidad autónoma","SRC-SUBDERE","territorial_catalogue_complete","2026-09-19","Antártica (12202) no tiene municipalidad propia; su agrupación es administrada por Cabo de Hornos."
"CL-MUN-02301","Municipalidad de Tocopilla","","Administración territorial","Municipalidad","","Comunal","02","Región de Antofagasta","02301","Tocopilla","Gobierno local","Municipalidad autónoma","SRC-SUBDERE","territorial_catalogue_complete","2026-09-19","Antártica (12202) no tiene municipalidad propia; su agrupación es administrada por Cabo de Hornos."
"CL-MUN-02302","Municipalidad de María Elena","","Administración territorial","Municipalidad","","Comunal","02","Región de Antofagasta","02302","María Elena","Gobierno local","Municipalidad autónoma","SRC-SUBDERE","territorial_catalogue_complete","2026-09-19","Antártica (12202) no tiene municipalidad propia; su agrupación es administrada por Cabo de Hornos."
"CL-MUN-03101","Municipalidad de Copiapó","","Administración territorial","Municipalidad","","Comunal","03","Región de Atacama","03101","Copiapó","Gobierno local","Municipalidad autónoma","SRC-SUBDERE","territorial_catalogue_complete","2026-09-19","Antártica (12202) no tiene municipalidad propia; su agrupación es administrada por Cabo de Hornos."
"CL-MUN-03102","Municipalidad de Caldera","","Administración territorial","Municipalidad","","Comunal","03","Región de Atacama","03102","Caldera","Gobierno local","Municipalidad autónoma","SRC-SUBDERE","territorial_catalogue_complete","2026-09-19","Antártica (12202) no tiene municipalidad propia; su agrupación es administrada por Cabo de Hornos."
"CL-MUN-03103","Municipalidad de Tierra Amarilla","","Administración territorial","Municipalidad","","Comunal","03","Región de Atacama","03103","Tierra Amarilla","Gobierno local","Municipalidad autónoma","SRC-SUBDERE","territorial_catalogue_complete","2026-09-19","Antártica (12202) no tiene municipalidad propia; su agrupación es administrada por Cabo de Hornos."
"CL-MUN-03201","Municipalidad de Chañaral","","Administración territorial","Municipalidad","","Comunal","03","Región de Atacama","03201","Chañaral","Gobierno local","Municipalidad autónoma","SRC-SUBDERE","territorial_catalogue_complete","2026-09-19","Antártica (12202) no tiene municipalidad propia; su agrupación es administrada por Cabo de Hornos."
"CL-MUN-03202","Municipalidad de Diego de Almagro","","Administración territorial","Municipalidad","","Comunal","03","Región de Atacama","03202","Diego de Almagro","Gobierno local","Municipalidad autónoma","SRC-SUBDERE","territorial_catalogue_complete","2026-09-19","Antártica (12202) no tiene municipalidad propia; su agrupación es administrada por Cabo de Hornos."
"CL-MUN-03301","Municipalidad de Vallenar","","Administración territorial","Municipalidad","","Comunal","03","Región de Atacama","03301","Vallenar","Gobierno local","Municipalidad autónoma","SRC-SUBDERE","territorial_catalogue_complete","2026-09-19","Antártica (12202) no tiene municipalidad propia; su agrupación es administrada por Cabo de Hornos."
"CL-MUN-03302","Municipalidad de Alto del Carmen","","Administración territorial","Municipalidad","","Comunal","03","Región de Atacama","03302","Alto del Carmen","Gobierno local","Municipalidad autónoma","SRC-SUBDERE","territorial_catalogue_complete","2026-09-19","Antártica (12202) no tiene municipalidad propia; su agrupación es administrada por Cabo de Hornos."
"CL-MUN-03303","Municipalidad de Freirina","","Administración territorial","Municipalidad","","Comunal","03","Región de Atacama","03303","Freirina","Gobierno local","Municipalidad autónoma","SRC-SUBDERE","territorial_catalogue_complete","2026-09-19","Antártica (12202) no tiene municipalidad propia; su agrupación es administrada por Cabo de Hornos."
"CL-MUN-03304","Municipalidad de Huasco","","Administración territorial","Municipalidad","","Comunal","03","Región de Atacama","03304","Huasco","Gobierno local","Municipalidad autónoma","SRC-SUBDERE","territorial_catalogue_complete","2026-09-19","Antártica (12202) no tiene municipalidad propia; su agrupación es administrada por Cabo de Hornos."
"CL-MUN-04101","Municipalidad de La Serena","","Administración territorial","Municipalidad","","Comunal","04","Región de Coquimbo","04101","La Serena","Gobierno local","Municipalidad autónoma","SRC-SUBDERE","territorial_catalogue_complete","2026-09-19","Antártica (12202) no tiene municipalidad propia; su agrupación es administrada por Cabo de Hornos."
"CL-MUN-04102","Municipalidad de Coquimbo","","Administración territorial","Municipalidad","","Comunal","04","Región de Coquimbo","04102","Coquimbo","Gobierno local","Municipalidad autónoma","SRC-SUBDERE","territorial_catalogue_complete","2026-09-19","Antártica (12202) no tiene municipalidad propia; su agrupación es administrada por Cabo de Hornos."
"CL-MUN-04103","Municipalidad de Andacollo","","Administración territorial","Municipalidad","","Comunal","04","Región de Coquimbo","04103","Andacollo","Gobierno local","Municipalidad autónoma","SRC-SUBDERE","territorial_catalogue_complete","2026-09-19","Antártica (12202) no tiene municipalidad propia; su agrupación es administrada por Cabo de Hornos."
"CL-MUN-04104","Municipalidad de La Higuera","","Administración territorial","Municipalidad","","Comunal","04","Región de Coquimbo","04104","La Higuera","Gobierno local","Municipalidad autónoma","SRC-SUBDERE","territorial_catalogue_complete","2026-09-19","Antártica (12202) no tiene municipalidad propia; su agrupación es administrada por Cabo de Hornos."
"CL-MUN-04105","Municipalidad de Paihuano","","Administración territorial","Municipalidad","","Comunal","04","Región de Coquimbo","04105","Paihuano","Gobierno local","Municipalidad autónoma","SRC-SUBDERE","territorial_catalogue_complete","2026-09-19","Antártica (12202) no tiene municipalidad propia; su agrupación es administrada por Cabo de Hornos."
"CL-MUN-04106","Municipalidad de Vicuña","","Administración territorial","Municipalidad","","Comunal","04","Región de Coquimbo","04106","Vicuña","Gobierno local","Municipalidad autónoma","SRC-SUBDERE","territorial_catalogue_complete","2026-09-19","Antártica (12202) no tiene municipalidad propia; su agrupación es administrada por Cabo de Hornos."
"CL-MUN-04201","Municipalidad de Illapel","","Administración territorial","Municipalidad","","Comunal","04","Región de Coquimbo","04201","Illapel","Gobierno local","Municipalidad autónoma","SRC-SUBDERE","territorial_catalogue_complete","2026-09-19","Antártica (12202) no tiene municipalidad propia; su agrupación es administrada por Cabo de Hornos."
"CL-MUN-04202","Municipalidad de Canela","","Administración territorial","Municipalidad","","Comunal","04","Región de Coquimbo","04202","Canela","Gobierno local","Municipalidad autónoma","SRC-SUBDERE","territorial_catalogue_complete","2026-09-19","Antártica (12202) no tiene municipalidad propia; su agrupación es administrada por Cabo de Hornos."
"CL-MUN-04203","Municipalidad de Los Vilos","","Administración territorial","Municipalidad","","Comunal","04","Región de Coquimbo","04203","Los Vilos","Gobierno local","Municipalidad autónoma","SRC-SUBDERE","territorial_catalogue_complete","2026-09-19","Antártica (12202) no tiene municipalidad propia; su agrupación es administrada por Cabo de Hornos."
"CL-MUN-04204","Municipalidad de Salamanca","","Administración territorial","Municipalidad","","Comunal","04","Región de Coquimbo","04204","Salamanca","Gobierno local","Municipalidad autónoma","SRC-SUBDERE","territorial_catalogue_complete","2026-09-19","Antártica (12202) no tiene municipalidad propia; su agrupación es administrada por Cabo de Hornos."
"CL-MUN-04301","Municipalidad de Ovalle","","Administración territorial","Municipalidad","","Comunal","04","Región de Coquimbo","04301","Ovalle","Gobierno local","Municipalidad autónoma","SRC-SUBDERE","territorial_catalogue_complete","2026-09-19","Antártica (12202) no tiene municipalidad propia; su agrupación es administrada por Cabo de Hornos."
"CL-MUN-04302","Municipalidad de Combarbalá","","Administración territorial","Municipalidad","","Comunal","04","Región de Coquimbo","04302","Combarbalá","Gobierno local","Municipalidad autónoma","SRC-SUBDERE","territorial_catalogue_complete","2026-09-19","Antártica (12202) no tiene municipalidad propia; su agrupación es administrada por Cabo de Hornos."
"CL-MUN-04303","Municipalidad de Monte Patria","","Administración territorial","Municipalidad","","Comunal","04","Región de Coquimbo","04303","Monte Patria","Gobierno local","Municipalidad autónoma","SRC-SUBDERE","territorial_catalogue_complete","2026-09-19","Antártica (12202) no tiene municipalidad propia; su agrupación es administrada por Cabo de Hornos."
"CL-MUN-04304","Municipalidad de Punitaqui","","Administración territorial","Municipalidad","","Comunal","04","Región de Coquimbo","04304","Punitaqui","Gobierno local","Municipalidad autónoma","SRC-SUBDERE","territorial_catalogue_complete","2026-09-19","Antártica (12202) no tiene municipalidad propia; su agrupación es administrada por Cabo de Hornos."
"CL-MUN-04305","Municipalidad de Río Hurtado","","Administración territorial","Municipalidad","","Comunal","04","Región de Coquimbo","04305","Río Hurtado","Gobierno local","Municipalidad autónoma","SRC-SUBDERE","territorial_catalogue_complete","2026-09-19","Antártica (12202) no tiene municipalidad propia; su agrupación es administrada por Cabo de Hornos."
"CL-MUN-05101","Municipalidad de Valparaíso","","Administración territorial","Municipalidad","","Comunal","05","Región de Valparaíso","05101","Valparaíso","Gobierno local","Municipalidad autónoma","SRC-SUBDERE","territorial_catalogue_complete","2026-09-19","Antártica (12202) no tiene municipalidad propia; su agrupación es administrada por Cabo de Hornos."
"CL-MUN-05102","Municipalidad de Casablanca","","Administración territorial","Municipalidad","","Comunal","05","Región de Valparaíso","05102","Casablanca","Gobierno local","Municipalidad autónoma","SRC-SUBDERE","territorial_catalogue_complete","2026-09-19","Antártica (12202) no tiene municipalidad propia; su agrupación es administrada por Cabo de Hornos."
"CL-MUN-05103","Municipalidad de Concón","","Administración territorial","Municipalidad","","Comunal","05","Región de Valparaíso","05103","Concón","Gobierno local","Municipalidad autónoma","SRC-SUBDERE","territorial_catalogue_complete","2026-09-19","Antártica (12202) no tiene municipalidad propia; su agrupación es administrada por Cabo de Hornos."
"CL-MUN-05104","Municipalidad de Juan Fernández","","Administración territorial","Municipalidad","","Comunal","05","Región de Valparaíso","05104","Juan Fernández","Gobierno local","Municipalidad autónoma","SRC-SUBDERE","territorial_catalogue_complete","2026-09-19","Antártica (12202) no tiene municipalidad propia; su agrupación es administrada por Cabo de Hornos."
"CL-MUN-05105","Municipalidad de Puchuncaví","","Administración territorial","Municipalidad","","Comunal","05","Región de Valparaíso","05105","Puchuncaví","Gobierno local","Municipalidad autónoma","SRC-SUBDERE","territorial_catalogue_complete","2026-09-19","Antártica (12202) no tiene municipalidad propia; su agrupación es administrada por Cabo de Hornos."
"CL-MUN-05107","Municipalidad de Quintero","","Administración territorial","Municipalidad","","Comunal","05","Región de Valparaíso","05107","Quintero","Gobierno local","Municipalidad autónoma","SRC-SUBDERE","territorial_catalogue_complete","2026-09-19","Antártica (12202) no tiene municipalidad propia; su agrupación es administrada por Cabo de Hornos."
"CL-MUN-05109","Municipalidad de Viña del Mar","","Administración territorial","Municipalidad","","Comunal","05","Región de Valparaíso","05109","Viña del Mar","Gobierno local","Municipalidad autónoma","SRC-SUBDERE","territorial_catalogue_complete","2026-09-19","Antártica (12202) no tiene municipalidad propia; su agrupación es administrada por Cabo de Hornos."
"CL-MUN-05201","Municipalidad de Isla de Pascua","","Administración territorial","Municipalidad","","Comunal","05","Región de Valparaíso","05201","Isla de Pascua","Gobierno local","Municipalidad autónoma","SRC-SUBDERE","territorial_catalogue_complete","2026-09-19","Antártica (12202) no tiene municipalidad propia; su agrupación es administrada por Cabo de Hornos."
"CL-MUN-05301","Municipalidad de Los Andes","","Administración territorial","Municipalidad","","Comunal","05","Región de Valparaíso","05301","Los Andes","Gobierno local","Municipalidad autónoma","SRC-SUBDERE","territorial_catalogue_complete","2026-09-19","Antártica (12202) no tiene municipalidad propia; su agrupación es administrada por Cabo de Hornos."
"CL-MUN-05302","Municipalidad de Calle Larga","","Administración territorial","Municipalidad","","Comunal","05","Región de Valparaíso","05302","Calle Larga","Gobierno local","Municipalidad autónoma","SRC-SUBDERE","territorial_catalogue_complete","2026-09-19","Antártica (12202) no tiene municipalidad propia; su agrupación es administrada por Cabo de Hornos."
"CL-MUN-05303","Municipalidad de Rinconada","","Administración territorial","Municipalidad","","Comunal","05","Región de Valparaíso","05303","Rinconada","Gobierno local","Municipalidad autónoma","SRC-SUBDERE","territorial_catalogue_complete","2026-09-19","Antártica (12202) no tiene municipalidad propia; su agrupación es administrada por Cabo de Hornos."
"CL-MUN-05304","Municipalidad de San Esteban","","Administración territorial","Municipalidad","","Comunal","05","Región de Valparaíso","05304","San Esteban","Gobierno local","Municipalidad autónoma","SRC-SUBDERE","territorial_catalogue_complete","2026-09-19","Antártica (12202) no tiene municipalidad propia; su agrupación es administrada por Cabo de Hornos."
"CL-MUN-05401","Municipalidad de La Ligua","","Administración territorial","Municipalidad","","Comunal","05","Región de Valparaíso","05401","La Ligua","Gobierno local","Municipalidad autónoma","SRC-SUBDERE","territorial_catalogue_complete","2026-09-19","Antártica (12202) no tiene municipalidad propia; su agrupación es administrada por Cabo de Hornos."
"CL-MUN-05402","Municipalidad de Cabildo","","Administración territorial","Municipalidad","","Comunal","05","Región de Valparaíso","05402","Cabildo","Gobierno local","Municipalidad autónoma","SRC-SUBDERE","territorial_catalogue_complete","2026-09-19","Antártica (12202) no tiene municipalidad propia; su agrupación es administrada por Cabo de Hornos."
"CL-MUN-05403","Municipalidad de Papudo","","Administración territorial","Municipalidad","","Comunal","05","Región de Valparaíso","05403","Papudo","Gobierno local","Municipalidad autónoma","SRC-SUBDERE","territorial_catalogue_complete","2026-09-19","Antártica (12202) no tiene municipalidad propia; su agrupación es administrada por Cabo de Hornos."
"CL-MUN-05404","Municipalidad de Petorca","","Administración territorial","Municipalidad","","Comunal","05","Región de Valparaíso","05404","Petorca","Gobierno local","Municipalidad autónoma","SRC-SUBDERE","territorial_catalogue_complete","2026-09-19","Antártica (12202) no tiene municipalidad propia; su agrupación es administrada por Cabo de Hornos."
"CL-MUN-05405","Municipalidad de Zapallar","","Administración territorial","Municipalidad","","Comunal","05","Región de Valparaíso","05405","Zapallar","Gobierno local","Municipalidad autónoma","SRC-SUBDERE","territorial_catalogue_complete","2026-09-19","Antártica (12202) no tiene municipalidad propia; su agrupación es administrada por Cabo de Hornos."
"CL-MUN-05501","Municipalidad de Quillota","","Administración territorial","Municipalidad","","Comunal","05","Región de Valparaíso","05501","Quillota","Gobierno local","Municipalidad autónoma","SRC-SUBDERE","territorial_catalogue_complete","2026-09-19","Antártica (12202) no tiene municipalidad propia; su agrupación es administrada por Cabo de Hornos."
"CL-MUN-05502","Municipalidad de Calera","","Administración territorial","Municipalidad","","Comunal","05","Región de Valparaíso","05502","Calera","Gobierno local","Municipalidad autónoma","SRC-SUBDERE","territorial_catalogue_complete","2026-09-19","Antártica (12202) no tiene municipalidad propia; su agrupación es administrada por Cabo de Hornos."
"CL-MUN-05503","Municipalidad de Hijuelas","","Administración territorial","Municipalidad","","Comunal","05","Región de Valparaíso","05503","Hijuelas","Gobierno local","Municipalidad autónoma","SRC-SUBDERE","territorial_catalogue_complete","2026-09-19","Antártica (12202) no tiene municipalidad propia; su agrupación es administrada por Cabo de Hornos."
"CL-MUN-05504","Municipalidad de La Cruz","","Administración territorial","Municipalidad","","Comunal","05","Región de Valparaíso","05504","La Cruz","Gobierno local","Municipalidad autónoma","SRC-SUBDERE","territorial_catalogue_complete","2026-09-19","Antártica (12202) no tiene municipalidad propia; su agrupación es administrada por Cabo de Hornos."
"CL-MUN-05506","Municipalidad de Nogales","","Administración territorial","Municipalidad","","Comunal","05","Región de Valparaíso","05506","Nogales","Gobierno local","Municipalidad autónoma","SRC-SUBDERE","territorial_catalogue_complete","2026-09-19","Antártica (12202) no tiene municipalidad propia; su agrupación es administrada por Cabo de Hornos."
"CL-MUN-05601","Municipalidad de San Antonio","","Administración territorial","Municipalidad","","Comunal","05","Región de Valparaíso","05601","San Antonio","Gobierno local","Municipalidad autónoma","SRC-SUBDERE","territorial_catalogue_complete","2026-09-19","Antártica (12202) no tiene municipalidad propia; su agrupación es administrada por Cabo de Hornos."
"CL-MUN-05602","Municipalidad de Algarrobo","","Administración territorial","Municipalidad","","Comunal","05","Región de Valparaíso","05602","Algarrobo","Gobierno local","Municipalidad autónoma","SRC-SUBDERE","territorial_catalogue_complete","2026-09-19","Antártica (12202) no tiene municipalidad propia; su agrupación es administrada por Cabo de Hornos."
"CL-MUN-05603","Municipalidad de Cartagena","","Administración territorial","Municipalidad","","Comunal","05","Región de Valparaíso","05603","Cartagena","Gobierno local","Municipalidad autónoma","SRC-SUBDERE","territorial_catalogue_complete","2026-09-19","Antártica (12202) no tiene municipalidad propia; su agrupación es administrada por Cabo de Hornos."
"CL-MUN-05604","Municipalidad de El Quisco","","Administración territorial","Municipalidad","","Comunal","05","Región de Valparaíso","05604","El Quisco","Gobierno local","Municipalidad autónoma","SRC-SUBDERE","territorial_catalogue_complete","2026-09-19","Antártica (12202) no tiene municipalidad propia; su agrupación es administrada por Cabo de Hornos."
"CL-MUN-05605","Municipalidad de El Tabo","","Administración territorial","Municipalidad","","Comunal","05","Región de Valparaíso","05605","El Tabo","Gobierno local","Municipalidad autónoma","SRC-SUBDERE","territorial_catalogue_complete","2026-09-19","Antártica (12202) no tiene municipalidad propia; su agrupación es administrada por Cabo de Hornos."
"CL-MUN-05606","Municipalidad de Santo Domingo","","Administración territorial","Municipalidad","","Comunal","05","Región de Valparaíso","05606","Santo Domingo","Gobierno local","Municipalidad autónoma","SRC-SUBDERE","territorial_catalogue_complete","2026-09-19","Antártica (12202) no tiene municipalidad propia; su agrupación es administrada por Cabo de Hornos."
"CL-MUN-05701","Municipalidad de San Felipe","","Administración territorial","Municipalidad","","Comunal","05","Región de Valparaíso","05701","San Felipe","Gobierno local","Municipalidad autónoma","SRC-SUBDERE","territorial_catalogue_complete","2026-09-19","Antártica (12202) no tiene municipalidad propia; su agrupación es administrada por Cabo de Hornos."
"CL-MUN-05702","Municipalidad de Catemu","","Administración territorial","Municipalidad","","Comunal","05","Región de Valparaíso","05702","Catemu","Gobierno local","Municipalidad autónoma","SRC-SUBDERE","territorial_catalogue_complete","2026-09-19","Antártica (12202) no tiene municipalidad propia; su agrupación es administrada por Cabo de Hornos."
"CL-MUN-05703","Municipalidad de Llaillay","","Administración territorial","Municipalidad","","Comunal","05","Región de Valparaíso","05703","Llaillay","Gobierno local","Municipalidad autónoma","SRC-SUBDERE","territorial_catalogue_complete","2026-09-19","Antártica (12202) no tiene municipalidad propia; su agrupación es administrada por Cabo de Hornos."
"CL-MUN-05704","Municipalidad de Panquehue","","Administración territorial","Municipalidad","","Comunal","05","Región de Valparaíso","05704","Panquehue","Gobierno local","Municipalidad autónoma","SRC-SUBDERE","territorial_catalogue_complete","2026-09-19","Antártica (12202) no tiene municipalidad propia; su agrupación es administrada por Cabo de Hornos."
"CL-MUN-05705","Municipalidad de Putaendo","","Administración territorial","Municipalidad","","Comunal","05","Región de Valparaíso","05705","Putaendo","Gobierno local","Municipalidad autónoma","SRC-SUBDERE","territorial_catalogue_complete","2026-09-19","Antártica (12202) no tiene municipalidad propia; su agrupación es administrada por Cabo de Hornos."
"CL-MUN-05706","Municipalidad de Santa María","","Administración territorial","Municipalidad","","Comunal","05","Región de Valparaíso","05706","Santa María","Gobierno local","Municipalidad autónoma","SRC-SUBDERE","territorial_catalogue_complete","2026-09-19","Antártica (12202) no tiene municipalidad propia; su agrupación es administrada por Cabo de Hornos."
"CL-MUN-05801","Municipalidad de Quilpué","","Administración territorial","Municipalidad","","Comunal","05","Región de Valparaíso","05801","Quilpué","Gobierno local","Municipalidad autónoma","SRC-SUBDERE","territorial_catalogue_complete","2026-09-19","Antártica (12202) no tiene municipalidad propia; su agrupación es administrada por Cabo de Hornos."
"CL-MUN-05802","Municipalidad de Limache","","Administración territorial","Municipalidad","","Comunal","05","Región de Valparaíso","05802","Limache","Gobierno local","Municipalidad autónoma","SRC-SUBDERE","territorial_catalogue_complete","2026-09-19","Antártica (12202) no tiene municipalidad propia; su agrupación es administrada por Cabo de Hornos."
"CL-MUN-05803","Municipalidad de Olmué","","Administración territorial","Municipalidad","","Comunal","05","Región de Valparaíso","05803","Olmué","Gobierno local","Municipalidad autónoma","SRC-SUBDERE","territorial_catalogue_complete","2026-09-19","Antártica (12202) no tiene municipalidad propia; su agrupación es administrada por Cabo de Hornos."
"CL-MUN-05804","Municipalidad de Villa Alemana","","Administración territorial","Municipalidad","","Comunal","05","Región de Valparaíso","05804","Villa Alemana","Gobierno local","Municipalidad autónoma","SRC-SUBDERE","territorial_catalogue_complete","2026-09-19","Antártica (12202) no tiene municipalidad propia; su agrupación es administrada por Cabo de Hornos."
"CL-MUN-06101","Municipalidad de Rancagua","","Administración territorial","Municipalidad","","Comunal","06","Región del Libertador General Bernardo O'Higgins","06101","Rancagua","Gobierno local","Municipalidad autónoma","SRC-SUBDERE","territorial_catalogue_complete","2026-09-19","Antártica (12202) no tiene municipalidad propia; su agrupación es administrada por Cabo de Hornos."
"CL-MUN-06102","Municipalidad de Codegua","","Administración territorial","Municipalidad","","Comunal","06","Región del Libertador General Bernardo O'Higgins","06102","Codegua","Gobierno local","Municipalidad autónoma","SRC-SUBDERE","territorial_catalogue_complete","2026-09-19","Antártica (12202) no tiene municipalidad propia; su agrupación es administrada por Cabo de Hornos."
"CL-MUN-06103","Municipalidad de Coinco","","Administración territorial","Municipalidad","","Comunal","06","Región del Libertador General Bernardo O'Higgins","06103","Coinco","Gobierno local","Municipalidad autónoma","SRC-SUBDERE","territorial_catalogue_complete","2026-09-19","Antártica (12202) no tiene municipalidad propia; su agrupación es administrada por Cabo de Hornos."
"CL-MUN-06104","Municipalidad de Coltauco","","Administración territorial","Municipalidad","","Comunal","06","Región del Libertador General Bernardo O'Higgins","06104","Coltauco","Gobierno local","Municipalidad autónoma","SRC-SUBDERE","territorial_catalogue_complete","2026-09-19","Antártica (12202) no tiene municipalidad propia; su agrupación es administrada por Cabo de Hornos."
"CL-MUN-06105","Municipalidad de Doñihue","","Administración territorial","Municipalidad","","Comunal","06","Región del Libertador General Bernardo O'Higgins","06105","Doñihue","Gobierno local","Municipalidad autónoma","SRC-SUBDERE","territorial_catalogue_complete","2026-09-19","Antártica (12202) no tiene municipalidad propia; su agrupación es administrada por Cabo de Hornos."
"CL-MUN-06106","Municipalidad de Graneros","","Administración territorial","Municipalidad","","Comunal","06","Región del Libertador General Bernardo O'Higgins","06106","Graneros","Gobierno local","Municipalidad autónoma","SRC-SUBDERE","territorial_catalogue_complete","2026-09-19","Antártica (12202) no tiene municipalidad propia; su agrupación es administrada por Cabo de Hornos."
"CL-MUN-06107","Municipalidad de Las Cabras","","Administración territorial","Municipalidad","","Comunal","06","Región del Libertador General Bernardo O'Higgins","06107","Las Cabras","Gobierno local","Municipalidad autónoma","SRC-SUBDERE","territorial_catalogue_complete","2026-09-19","Antártica (12202) no tiene municipalidad propia; su agrupación es administrada por Cabo de Hornos."
"CL-MUN-06108","Municipalidad de Machalí","","Administración territorial","Municipalidad","","Comunal","06","Región del Libertador General Bernardo O'Higgins","06108","Machalí","Gobierno local","Municipalidad autónoma","SRC-SUBDERE","territorial_catalogue_complete","2026-09-19","Antártica (12202) no tiene municipalidad propia; su agrupación es administrada por Cabo de Hornos."
"CL-MUN-06109","Municipalidad de Malloa","","Administración territorial","Municipalidad","","Comunal","06","Región del Libertador General Bernardo O'Higgins","06109","Malloa","Gobierno local","Municipalidad autónoma","SRC-SUBDERE","territorial_catalogue_complete","2026-09-19","Antártica (12202) no tiene municipalidad propia; su agrupación es administrada por Cabo de Hornos."
"CL-MUN-06110","Municipalidad de Mostazal","","Administración territorial","Municipalidad","","Comunal","06","Región del Libertador General Bernardo O'Higgins","06110","Mostazal","Gobierno local","Municipalidad autónoma","SRC-SUBDERE","territorial_catalogue_complete","2026-09-19","Antártica (12202) no tiene municipalidad propia; su agrupación es administrada por Cabo de Hornos."
"CL-MUN-06111","Municipalidad de Olivar","","Administración territorial","Municipalidad","","Comunal","06","Región del Libertador General Bernardo O'Higgins","06111","Olivar","Gobierno local","Municipalidad autónoma","SRC-SUBDERE","territorial_catalogue_complete","2026-09-19","Antártica (12202) no tiene municipalidad propia; su agrupación es administrada por Cabo de Hornos."
"CL-MUN-06112","Municipalidad de Peumo","","Administración territorial","Municipalidad","","Comunal","06","Región del Libertador General Bernardo O'Higgins","06112","Peumo","Gobierno local","Municipalidad autónoma","SRC-SUBDERE","territorial_catalogue_complete","2026-09-19","Antártica (12202) no tiene municipalidad propia; su agrupación es administrada por Cabo de Hornos."
"CL-MUN-06113","Municipalidad de Pichidegua","","Administración territorial","Municipalidad","","Comunal","06","Región del Libertador General Bernardo O'Higgins","06113","Pichidegua","Gobierno local","Municipalidad autónoma","SRC-SUBDERE","territorial_catalogue_complete","2026-09-19","Antártica (12202) no tiene municipalidad propia; su agrupación es administrada por Cabo de Hornos."
"CL-MUN-06114","Municipalidad de Quinta de Tilcoco","","Administración territorial","Municipalidad","","Comunal","06","Región del Libertador General Bernardo O'Higgins","06114","Quinta de Tilcoco","Gobierno local","Municipalidad autónoma","SRC-SUBDERE","territorial_catalogue_complete","2026-09-19","Antártica (12202) no tiene municipalidad propia; su agrupación es administrada por Cabo de Hornos."
"CL-MUN-06115","Municipalidad de Rengo","","Administración territorial","Municipalidad","","Comunal","06","Región del Libertador General Bernardo O'Higgins","06115","Rengo","Gobierno local","Municipalidad autónoma","SRC-SUBDERE","territorial_catalogue_complete","2026-09-19","Antártica (12202) no tiene municipalidad propia; su agrupación es administrada por Cabo de Hornos."
"CL-MUN-06116","Municipalidad de Requínoa","","Administración territorial","Municipalidad","","Comunal","06","Región del Libertador General Bernardo O'Higgins","06116","Requínoa","Gobierno local","Municipalidad autónoma","SRC-SUBDERE","territorial_catalogue_complete","2026-09-19","Antártica (12202) no tiene municipalidad propia; su agrupación es administrada por Cabo de Hornos."
"CL-MUN-06117","Municipalidad de San Vicente","","Administración territorial","Municipalidad","","Comunal","06","Región del Libertador General Bernardo O'Higgins","06117","San Vicente","Gobierno local","Municipalidad autónoma","SRC-SUBDERE","territorial_catalogue_complete","2026-09-19","Antártica (12202) no tiene municipalidad propia; su agrupación es administrada por Cabo de Hornos."
"CL-MUN-06201","Municipalidad de Pichilemu","","Administración territorial","Municipalidad","","Comunal","06","Región del Libertador General Bernardo O'Higgins","06201","Pichilemu","Gobierno local","Municipalidad autónoma","SRC-SUBDERE","territorial_catalogue_complete","2026-09-19","Antártica (12202) no tiene municipalidad propia; su agrupación es administrada por Cabo de Hornos."
"CL-MUN-06202","Municipalidad de La Estrella","","Administración territorial","Municipalidad","","Comunal","06","Región del Libertador General Bernardo O'Higgins","06202","La Estrella","Gobierno local","Municipalidad autónoma","SRC-SUBDERE","territorial_catalogue_complete","2026-09-19","Antártica (12202) no tiene municipalidad propia; su agrupación es administrada por Cabo de Hornos."
"CL-MUN-06203","Municipalidad de Litueche","","Administración territorial","Municipalidad","","Comunal","06","Región del Libertador General Bernardo O'Higgins","06203","Litueche","Gobierno local","Municipalidad autónoma","SRC-SUBDERE","territorial_catalogue_complete","2026-09-19","Antártica (12202) no tiene municipalidad propia; su agrupación es administrada por Cabo de Hornos."
"CL-MUN-06204","Municipalidad de Marchigüe","","Administración territorial","Municipalidad","","Comunal","06","Región del Libertador General Bernardo O'Higgins","06204","Marchigüe","Gobierno local","Municipalidad autónoma","SRC-SUBDERE","territorial_catalogue_complete","2026-09-19","Antártica (12202) no tiene municipalidad propia; su agrupación es administrada por Cabo de Hornos."
"CL-MUN-06205","Municipalidad de Navidad","","Administración territorial","Municipalidad","","Comunal","06","Región del Libertador General Bernardo O'Higgins","06205","Navidad","Gobierno local","Municipalidad autónoma","SRC-SUBDERE","territorial_catalogue_complete","2026-09-19","Antártica (12202) no tiene municipalidad propia; su agrupación es administrada por Cabo de Hornos."
"CL-MUN-06206","Municipalidad de Paredones","","Administración territorial","Municipalidad","","Comunal","06","Región del Libertador General Bernardo O'Higgins","06206","Paredones","Gobierno local","Municipalidad autónoma","SRC-SUBDERE","territorial_catalogue_complete","2026-09-19","Antártica (12202) no tiene municipalidad propia; su agrupación es administrada por Cabo de Hornos."
"CL-MUN-06301","Municipalidad de San Fernando","","Administración territorial","Municipalidad","","Comunal","06","Región del Libertador General Bernardo O'Higgins","06301","San Fernando","Gobierno local","Municipalidad autónoma","SRC-SUBDERE","territorial_catalogue_complete","2026-09-19","Antártica (12202) no tiene municipalidad propia; su agrupación es administrada por Cabo de Hornos."
"CL-MUN-06302","Municipalidad de Chépica","","Administración territorial","Municipalidad","","Comunal","06","Región del Libertador General Bernardo O'Higgins","06302","Chépica","Gobierno local","Municipalidad autónoma","SRC-SUBDERE","territorial_catalogue_complete","2026-09-19","Antártica (12202) no tiene municipalidad propia; su agrupación es administrada por Cabo de Hornos."
"CL-MUN-06303","Municipalidad de Chimbarongo","","Administración territorial","Municipalidad","","Comunal","06","Región del Libertador General Bernardo O'Higgins","06303","Chimbarongo","Gobierno local","Municipalidad autónoma","SRC-SUBDERE","territorial_catalogue_complete","2026-09-19","Antártica (12202) no tiene municipalidad propia; su agrupación es administrada por Cabo de Hornos."
"CL-MUN-06304","Municipalidad de Lolol","","Administración territorial","Municipalidad","","Comunal","06","Región del Libertador General Bernardo O'Higgins","06304","Lolol","Gobierno local","Municipalidad autónoma","SRC-SUBDERE","territorial_catalogue_complete","2026-09-19","Antártica (12202) no tiene municipalidad propia; su agrupación es administrada por Cabo de Hornos."
"CL-MUN-06305","Municipalidad de Nancagua","","Administración territorial","Municipalidad","","Comunal","06","Región del Libertador General Bernardo O'Higgins","06305","Nancagua","Gobierno local","Municipalidad autónoma","SRC-SUBDERE","territorial_catalogue_complete","2026-09-19","Antártica (12202) no tiene municipalidad propia; su agrupación es administrada por Cabo de Hornos."
"CL-MUN-06306","Municipalidad de Palmilla","","Administración territorial","Municipalidad","","Comunal","06","Región del Libertador General Bernardo O'Higgins","06306","Palmilla","Gobierno local","Municipalidad autónoma","SRC-SUBDERE","territorial_catalogue_complete","2026-09-19","Antártica (12202) no tiene municipalidad propia; su agrupación es administrada por Cabo de Hornos."
"CL-MUN-06307","Municipalidad de Peralillo","","Administración territorial","Municipalidad","","Comunal","06","Región del Libertador General Bernardo O'Higgins","06307","Peralillo","Gobierno local","Municipalidad autónoma","SRC-SUBDERE","territorial_catalogue_complete","2026-09-19","Antártica (12202) no tiene municipalidad propia; su agrupación es administrada por Cabo de Hornos."
"CL-MUN-06308","Municipalidad de Placilla","","Administración territorial","Municipalidad","","Comunal","06","Región del Libertador General Bernardo O'Higgins","06308","Placilla","Gobierno local","Municipalidad autónoma","SRC-SUBDERE","territorial_catalogue_complete","2026-09-19","Antártica (12202) no tiene municipalidad propia; su agrupación es administrada por Cabo de Hornos."
"CL-MUN-06309","Municipalidad de Pumanque","","Administración territorial","Municipalidad","","Comunal","06","Región del Libertador General Bernardo O'Higgins","06309","Pumanque","Gobierno local","Municipalidad autónoma","SRC-SUBDERE","territorial_catalogue_complete","2026-09-19","Antártica (12202) no tiene municipalidad propia; su agrupación es administrada por Cabo de Hornos."
"CL-MUN-06310","Municipalidad de Santa Cruz","","Administración territorial","Municipalidad","","Comunal","06","Región del Libertador General Bernardo O'Higgins","06310","Santa Cruz","Gobierno local","Municipalidad autónoma","SRC-SUBDERE","territorial_catalogue_complete","2026-09-19","Antártica (12202) no tiene municipalidad propia; su agrupación es administrada por Cabo de Hornos."
"CL-MUN-07101","Municipalidad de Talca","","Administración territorial","Municipalidad","","Comunal","07","Región del Maule","07101","Talca","Gobierno local","Municipalidad autónoma","SRC-SUBDERE","territorial_catalogue_complete","2026-09-19","Antártica (12202) no tiene municipalidad propia; su agrupación es administrada por Cabo de Hornos."
"CL-MUN-07102","Municipalidad de Constitución","","Administración territorial","Municipalidad","","Comunal","07","Región del Maule","07102","Constitución","Gobierno local","Municipalidad autónoma","SRC-SUBDERE","territorial_catalogue_complete","2026-09-19","Antártica (12202) no tiene municipalidad propia; su agrupación es administrada por Cabo de Hornos."
"CL-MUN-07103","Municipalidad de Curepto","","Administración territorial","Municipalidad","","Comunal","07","Región del Maule","07103","Curepto","Gobierno local","Municipalidad autónoma","SRC-SUBDERE","territorial_catalogue_complete","2026-09-19","Antártica (12202) no tiene municipalidad propia; su agrupación es administrada por Cabo de Hornos."
"CL-MUN-07104","Municipalidad de Empedrado","","Administración territorial","Municipalidad","","Comunal","07","Región del Maule","07104","Empedrado","Gobierno local","Municipalidad autónoma","SRC-SUBDERE","territorial_catalogue_complete","2026-09-19","Antártica (12202) no tiene municipalidad propia; su agrupación es administrada por Cabo de Hornos."
"CL-MUN-07105","Municipalidad de Maule","","Administración territorial","Municipalidad","","Comunal","07","Región del Maule","07105","Maule","Gobierno local","Municipalidad autónoma","SRC-SUBDERE","territorial_catalogue_complete","2026-09-19","Antártica (12202) no tiene municipalidad propia; su agrupación es administrada por Cabo de Hornos."
"CL-MUN-07106","Municipalidad de Pelarco","","Administración territorial","Municipalidad","","Comunal","07","Región del Maule","07106","Pelarco","Gobierno local","Municipalidad autónoma","SRC-SUBDERE","territorial_catalogue_complete","2026-09-19","Antártica (12202) no tiene municipalidad propia; su agrupación es administrada por Cabo de Hornos."
"CL-MUN-07107","Municipalidad de Pencahue","","Administración territorial","Municipalidad","","Comunal","07","Región del Maule","07107","Pencahue","Gobierno local","Municipalidad autónoma","SRC-SUBDERE","territorial_catalogue_complete","2026-09-19","Antártica (12202) no tiene municipalidad propia; su agrupación es administrada por Cabo de Hornos."
"CL-MUN-07108","Municipalidad de Río Claro","","Administración territorial","Municipalidad","","Comunal","07","Región del Maule","07108","Río Claro","Gobierno local","Municipalidad autónoma","SRC-SUBDERE","territorial_catalogue_complete","2026-09-19","Antártica (12202) no tiene municipalidad propia; su agrupación es administrada por Cabo de Hornos."
"CL-MUN-07109","Municipalidad de San Clemente","","Administración territorial","Municipalidad","","Comunal","07","Región del Maule","07109","San Clemente","Gobierno local","Municipalidad autónoma","SRC-SUBDERE","territorial_catalogue_complete","2026-09-19","Antártica (12202) no tiene municipalidad propia; su agrupación es administrada por Cabo de Hornos."
"CL-MUN-07110","Municipalidad de San Rafael","","Administración territorial","Municipalidad","","Comunal","07","Región del Maule","07110","San Rafael","Gobierno local","Municipalidad autónoma","SRC-SUBDERE","territorial_catalogue_complete","2026-09-19","Antártica (12202) no tiene municipalidad propia; su agrupación es administrada por Cabo de Hornos."
"CL-MUN-07201","Municipalidad de Cauquenes","","Administración territorial","Municipalidad","","Comunal","07","Región del Maule","07201","Cauquenes","Gobierno local","Municipalidad autónoma","SRC-SUBDERE","territorial_catalogue_complete","2026-09-19","Antártica (12202) no tiene municipalidad propia; su agrupación es administrada por Cabo de Hornos."
"CL-MUN-07202","Municipalidad de Chanco","","Administración territorial","Municipalidad","","Comunal","07","Región del Maule","07202","Chanco","Gobierno local","Municipalidad autónoma","SRC-SUBDERE","territorial_catalogue_complete","2026-09-19","Antártica (12202) no tiene municipalidad propia; su agrupación es administrada por Cabo de Hornos."
"CL-MUN-07203","Municipalidad de Pelluhue","","Administración territorial","Municipalidad","","Comunal","07","Región del Maule","07203","Pelluhue","Gobierno local","Municipalidad autónoma","SRC-SUBDERE","territorial_catalogue_complete","2026-09-19","Antártica (12202) no tiene municipalidad propia; su agrupación es administrada por Cabo de Hornos."
"CL-MUN-07301","Municipalidad de Curicó","","Administración territorial","Municipalidad","","Comunal","07","Región del Maule","07301","Curicó","Gobierno local","Municipalidad autónoma","SRC-SUBDERE","territorial_catalogue_complete","2026-09-19","Antártica (12202) no tiene municipalidad propia; su agrupación es administrada por Cabo de Hornos."
"CL-MUN-07302","Municipalidad de Hualañé","","Administración territorial","Municipalidad","","Comunal","07","Región del Maule","07302","Hualañé","Gobierno local","Municipalidad autónoma","SRC-SUBDERE","territorial_catalogue_complete","2026-09-19","Antártica (12202) no tiene municipalidad propia; su agrupación es administrada por Cabo de Hornos."
"CL-MUN-07303","Municipalidad de Licantén","","Administración territorial","Municipalidad","","Comunal","07","Región del Maule","07303","Licantén","Gobierno local","Municipalidad autónoma","SRC-SUBDERE","territorial_catalogue_complete","2026-09-19","Antártica (12202) no tiene municipalidad propia; su agrupación es administrada por Cabo de Hornos."
"CL-MUN-07304","Municipalidad de Molina","","Administración territorial","Municipalidad","","Comunal","07","Región del Maule","07304","Molina","Gobierno local","Municipalidad autónoma","SRC-SUBDERE","territorial_catalogue_complete","2026-09-19","Antártica (12202) no tiene municipalidad propia; su agrupación es administrada por Cabo de Hornos."
"CL-MUN-07305","Municipalidad de Rauco","","Administración territorial","Municipalidad","","Comunal","07","Región del Maule","07305","Rauco","Gobierno local","Municipalidad autónoma","SRC-SUBDERE","territorial_catalogue_complete","2026-09-19","Antártica (12202) no tiene municipalidad propia; su agrupación es administrada por Cabo de Hornos."
"CL-MUN-07306","Municipalidad de Romeral","","Administración territorial","Municipalidad","","Comunal","07","Región del Maule","07306","Romeral","Gobierno local","Municipalidad autónoma","SRC-SUBDERE","territorial_catalogue_complete","2026-09-19","Antártica (12202) no tiene municipalidad propia; su agrupación es administrada por Cabo de Hornos."
"CL-MUN-07307","Municipalidad de Sagrada Familia","","Administración territorial","Municipalidad","","Comunal","07","Región del Maule","07307","Sagrada Familia","Gobierno local","Municipalidad autónoma","SRC-SUBDERE","territorial_catalogue_complete","2026-09-19","Antártica (12202) no tiene municipalidad propia; su agrupación es administrada por Cabo de Hornos."
"CL-MUN-07308","Municipalidad de Teno","","Administración territorial","Municipalidad","","Comunal","07","Región del Maule","07308","Teno","Gobierno local","Municipalidad autónoma","SRC-SUBDERE","territorial_catalogue_complete","2026-09-19","Antártica (12202) no tiene municipalidad propia; su agrupación es administrada por Cabo de Hornos."
"CL-MUN-07309","Municipalidad de Vichuquén","","Administración territorial","Municipalidad","","Comunal","07","Región del Maule","07309","Vichuquén","Gobierno local","Municipalidad autónoma","SRC-SUBDERE","territorial_catalogue_complete","2026-09-19","Antártica (12202) no tiene municipalidad propia; su agrupación es administrada por Cabo de Hornos."
"CL-MUN-07401","Municipalidad de Linares","","Administración territorial","Municipalidad","","Comunal","07","Región del Maule","07401","Linares","Gobierno local","Municipalidad autónoma","SRC-SUBDERE","territorial_catalogue_complete","2026-09-19","Antártica (12202) no tiene municipalidad propia; su agrupación es administrada por Cabo de Hornos."
"CL-MUN-07402","Municipalidad de Colbún","","Administración territorial","Municipalidad","","Comunal","07","Región del Maule","07402","Colbún","Gobierno local","Municipalidad autónoma","SRC-SUBDERE","territorial_catalogue_complete","2026-09-19","Antártica (12202) no tiene municipalidad propia; su agrupación es administrada por Cabo de Hornos."
"CL-MUN-07403","Municipalidad de Longaví","","Administración territorial","Municipalidad","","Comunal","07","Región del Maule","07403","Longaví","Gobierno local","Municipalidad autónoma","SRC-SUBDERE","territorial_catalogue_complete","2026-09-19","Antártica (12202) no tiene municipalidad propia; su agrupación es administrada por Cabo de Hornos."
"CL-MUN-07404","Municipalidad de Parral","","Administración territorial","Municipalidad","","Comunal","07","Región del Maule","07404","Parral","Gobierno local","Municipalidad autónoma","SRC-SUBDERE","territorial_catalogue_complete","2026-09-19","Antártica (12202) no tiene municipalidad propia; su agrupación es administrada por Cabo de Hornos."
"CL-MUN-07405","Municipalidad de Retiro","","Administración territorial","Municipalidad","","Comunal","07","Región del Maule","07405","Retiro","Gobierno local","Municipalidad autónoma","SRC-SUBDERE","territorial_catalogue_complete","2026-09-19","Antártica (12202) no tiene municipalidad propia; su agrupación es administrada por Cabo de Hornos."
"CL-MUN-07406","Municipalidad de San Javier","","Administración territorial","Municipalidad","","Comunal","07","Región del Maule","07406","San Javier","Gobierno local","Municipalidad autónoma","SRC-SUBDERE","territorial_catalogue_complete","2026-09-19","Antártica (12202) no tiene municipalidad propia; su agrupación es administrada por Cabo de Hornos."
"CL-MUN-07407","Municipalidad de Villa Alegre","","Administración territorial","Municipalidad","","Comunal","07","Región del Maule","07407","Villa Alegre","Gobierno local","Municipalidad autónoma","SRC-SUBDERE","territorial_catalogue_complete","2026-09-19","Antártica (12202) no tiene municipalidad propia; su agrupación es administrada por Cabo de Hornos."
"CL-MUN-07408","Municipalidad de Yerbas Buenas","","Administración territorial","Municipalidad","","Comunal","07","Región del Maule","07408","Yerbas Buenas","Gobierno local","Municipalidad autónoma","SRC-SUBDERE","territorial_catalogue_complete","2026-09-19","Antártica (12202) no tiene municipalidad propia; su agrupación es administrada por Cabo de Hornos."
"CL-MUN-08101","Municipalidad de Concepción","","Administración territorial","Municipalidad","","Comunal","08","Región del Biobío","08101","Concepción","Gobierno local","Municipalidad autónoma","SRC-SUBDERE","territorial_catalogue_complete","2026-09-19","Antártica (12202) no tiene municipalidad propia; su agrupación es administrada por Cabo de Hornos."
"CL-MUN-08102","Municipalidad de Coronel","","Administración territorial","Municipalidad","","Comunal","08","Región del Biobío","08102","Coronel","Gobierno local","Municipalidad autónoma","SRC-SUBDERE","territorial_catalogue_complete","2026-09-19","Antártica (12202) no tiene municipalidad propia; su agrupación es administrada por Cabo de Hornos."
"CL-MUN-08103","Municipalidad de Chiguayante","","Administración territorial","Municipalidad","","Comunal","08","Región del Biobío","08103","Chiguayante","Gobierno local","Municipalidad autónoma","SRC-SUBDERE","territorial_catalogue_complete","2026-09-19","Antártica (12202) no tiene municipalidad propia; su agrupación es administrada por Cabo de Hornos."
"CL-MUN-08104","Municipalidad de Florida","","Administración territorial","Municipalidad","","Comunal","08","Región del Biobío","08104","Florida","Gobierno local","Municipalidad autónoma","SRC-SUBDERE","territorial_catalogue_complete","2026-09-19","Antártica (12202) no tiene municipalidad propia; su agrupación es administrada por Cabo de Hornos."
"CL-MUN-08105","Municipalidad de Hualqui","","Administración territorial","Municipalidad","","Comunal","08","Región del Biobío","08105","Hualqui","Gobierno local","Municipalidad autónoma","SRC-SUBDERE","territorial_catalogue_complete","2026-09-19","Antártica (12202) no tiene municipalidad propia; su agrupación es administrada por Cabo de Hornos."
"CL-MUN-08106","Municipalidad de Lota","","Administración territorial","Municipalidad","","Comunal","08","Región del Biobío","08106","Lota","Gobierno local","Municipalidad autónoma","SRC-SUBDERE","territorial_catalogue_complete","2026-09-19","Antártica (12202) no tiene municipalidad propia; su agrupación es administrada por Cabo de Hornos."
"CL-MUN-08107","Municipalidad de Penco","","Administración territorial","Municipalidad","","Comunal","08","Región del Biobío","08107","Penco","Gobierno local","Municipalidad autónoma","SRC-SUBDERE","territorial_catalogue_complete","2026-09-19","Antártica (12202) no tiene municipalidad propia; su agrupación es administrada por Cabo de Hornos."
"CL-MUN-08108","Municipalidad de San Pedro de la Paz","","Administración territorial","Municipalidad","","Comunal","08","Región del Biobío","08108","San Pedro de la Paz","Gobierno local","Municipalidad autónoma","SRC-SUBDERE","territorial_catalogue_complete","2026-09-19","Antártica (12202) no tiene municipalidad propia; su agrupación es administrada por Cabo de Hornos."
"CL-MUN-08109","Municipalidad de Santa Juana","","Administración territorial","Municipalidad","","Comunal","08","Región del Biobío","08109","Santa Juana","Gobierno local","Municipalidad autónoma","SRC-SUBDERE","territorial_catalogue_complete","2026-09-19","Antártica (12202) no tiene municipalidad propia; su agrupación es administrada por Cabo de Hornos."
"CL-MUN-08110","Municipalidad de Talcahuano","","Administración territorial","Municipalidad","","Comunal","08","Región del Biobío","08110","Talcahuano","Gobierno local","Municipalidad autónoma","SRC-SUBDERE","territorial_catalogue_complete","2026-09-19","Antártica (12202) no tiene municipalidad propia; su agrupación es administrada por Cabo de Hornos."
"CL-MUN-08111","Municipalidad de Tomé","","Administración territorial","Municipalidad","","Comunal","08","Región del Biobío","08111","Tomé","Gobierno local","Municipalidad autónoma","SRC-SUBDERE","territorial_catalogue_complete","2026-09-19","Antártica (12202) no tiene municipalidad propia; su agrupación es administrada por Cabo de Hornos."
"CL-MUN-08112","Municipalidad de Hualpén","","Administración territorial","Municipalidad","","Comunal","08","Región del Biobío","08112","Hualpén","Gobierno local","Municipalidad autónoma","SRC-SUBDERE","territorial_catalogue_complete","2026-09-19","Antártica (12202) no tiene municipalidad propia; su agrupación es administrada por Cabo de Hornos."
"CL-MUN-08201","Municipalidad de Lebu","","Administración territorial","Municipalidad","","Comunal","08","Región del Biobío","08201","Lebu","Gobierno local","Municipalidad autónoma","SRC-SUBDERE","territorial_catalogue_complete","2026-09-19","Antártica (12202) no tiene municipalidad propia; su agrupación es administrada por Cabo de Hornos."
"CL-MUN-08202","Municipalidad de Arauco","","Administración territorial","Municipalidad","","Comunal","08","Región del Biobío","08202","Arauco","Gobierno local","Municipalidad autónoma","SRC-SUBDERE","territorial_catalogue_complete","2026-09-19","Antártica (12202) no tiene municipalidad propia; su agrupación es administrada por Cabo de Hornos."
"CL-MUN-08203","Municipalidad de Cañete","","Administración territorial","Municipalidad","","Comunal","08","Región del Biobío","08203","Cañete","Gobierno local","Municipalidad autónoma","SRC-SUBDERE","territorial_catalogue_complete","2026-09-19","Antártica (12202) no tiene municipalidad propia; su agrupación es administrada por Cabo de Hornos."
"CL-MUN-08204","Municipalidad de Contulmo","","Administración territorial","Municipalidad","","Comunal","08","Región del Biobío","08204","Contulmo","Gobierno local","Municipalidad autónoma","SRC-SUBDERE","territorial_catalogue_complete","2026-09-19","Antártica (12202) no tiene municipalidad propia; su agrupación es administrada por Cabo de Hornos."
"CL-MUN-08205","Municipalidad de Curanilahue","","Administración territorial","Municipalidad","","Comunal","08","Región del Biobío","08205","Curanilahue","Gobierno local","Municipalidad autónoma","SRC-SUBDERE","territorial_catalogue_complete","2026-09-19","Antártica (12202) no tiene municipalidad propia; su agrupación es administrada por Cabo de Hornos."
"CL-MUN-08206","Municipalidad de Los Alamos","","Administración territorial","Municipalidad","","Comunal","08","Región del Biobío","08206","Los Alamos","Gobierno local","Municipalidad autónoma","SRC-SUBDERE","territorial_catalogue_complete","2026-09-19","Antártica (12202) no tiene municipalidad propia; su agrupación es administrada por Cabo de Hornos."
"CL-MUN-08207","Municipalidad de Tirúa","","Administración territorial","Municipalidad","","Comunal","08","Región del Biobío","08207","Tirúa","Gobierno local","Municipalidad autónoma","SRC-SUBDERE","territorial_catalogue_complete","2026-09-19","Antártica (12202) no tiene municipalidad propia; su agrupación es administrada por Cabo de Hornos."
"CL-MUN-08301","Municipalidad de Los Ángeles","","Administración territorial","Municipalidad","","Comunal","08","Región del Biobío","08301","Los Ángeles","Gobierno local","Municipalidad autónoma","SRC-SUBDERE","territorial_catalogue_complete","2026-09-19","Antártica (12202) no tiene municipalidad propia; su agrupación es administrada por Cabo de Hornos."
"CL-MUN-08302","Municipalidad de Antuco","","Administración territorial","Municipalidad","","Comunal","08","Región del Biobío","08302","Antuco","Gobierno local","Municipalidad autónoma","SRC-SUBDERE","territorial_catalogue_complete","2026-09-19","Antártica (12202) no tiene municipalidad propia; su agrupación es administrada por Cabo de Hornos."
"CL-MUN-08303","Municipalidad de Cabrero","","Administración territorial","Municipalidad","","Comunal","08","Región del Biobío","08303","Cabrero","Gobierno local","Municipalidad autónoma","SRC-SUBDERE","territorial_catalogue_complete","2026-09-19","Antártica (12202) no tiene municipalidad propia; su agrupación es administrada por Cabo de Hornos."
"CL-MUN-08304","Municipalidad de Laja","","Administración territorial","Municipalidad","","Comunal","08","Región del Biobío","08304","Laja","Gobierno local","Municipalidad autónoma","SRC-SUBDERE","territorial_catalogue_complete","2026-09-19","Antártica (12202) no tiene municipalidad propia; su agrupación es administrada por Cabo de Hornos."
"CL-MUN-08305","Municipalidad de Mulchén","","Administración territorial","Municipalidad","","Comunal","08","Región del Biobío","08305","Mulchén","Gobierno local","Municipalidad autónoma","SRC-SUBDERE","territorial_catalogue_complete","2026-09-19","Antártica (12202) no tiene municipalidad propia; su agrupación es administrada por Cabo de Hornos."
"CL-MUN-08306","Municipalidad de Nacimiento","","Administración territorial","Municipalidad","","Comunal","08","Región del Biobío","08306","Nacimiento","Gobierno local","Municipalidad autónoma","SRC-SUBDERE","territorial_catalogue_complete","2026-09-19","Antártica (12202) no tiene municipalidad propia; su agrupación es administrada por Cabo de Hornos."
"CL-MUN-08307","Municipalidad de Negrete","","Administración territorial","Municipalidad","","Comunal","08","Región del Biobío","08307","Negrete","Gobierno local","Municipalidad autónoma","SRC-SUBDERE","territorial_catalogue_complete","2026-09-19","Antártica (12202) no tiene municipalidad propia; su agrupación es administrada por Cabo de Hornos."
"CL-MUN-08308","Municipalidad de Quilaco","","Administración territorial","Municipalidad","","Comunal","08","Región del Biobío","08308","Quilaco","Gobierno local","Municipalidad autónoma","SRC-SUBDERE","territorial_catalogue_complete","2026-09-19","Antártica (12202) no tiene municipalidad propia; su agrupación es administrada por Cabo de Hornos."
"CL-MUN-08309","Municipalidad de Quilleco","","Administración territorial","Municipalidad","","Comunal","08","Región del Biobío","08309","Quilleco","Gobierno local","Municipalidad autónoma","SRC-SUBDERE","territorial_catalogue_complete","2026-09-19","Antártica (12202) no tiene municipalidad propia; su agrupación es administrada por Cabo de Hornos."
"CL-MUN-08310","Municipalidad de San Rosendo","","Administración territorial","Municipalidad","","Comunal","08","Región del Biobío","08310","San Rosendo","Gobierno local","Municipalidad autónoma","SRC-SUBDERE","territorial_catalogue_complete","2026-09-19","Antártica (12202) no tiene municipalidad propia; su agrupación es administrada por Cabo de Hornos."
"CL-MUN-08311","Municipalidad de Santa Bárbara","","Administración territorial","Municipalidad","","Comunal","08","Región del Biobío","08311","Santa Bárbara","Gobierno local","Municipalidad autónoma","SRC-SUBDERE","territorial_catalogue_complete","2026-09-19","Antártica (12202) no tiene municipalidad propia; su agrupación es administrada por Cabo de Hornos."
"CL-MUN-08312","Municipalidad de Tucapel","","Administración territorial","Municipalidad","","Comunal","08","Región del Biobío","08312","Tucapel","Gobierno local","Municipalidad autónoma","SRC-SUBDERE","territorial_catalogue_complete","2026-09-19","Antártica (12202) no tiene municipalidad propia; su agrupación es administrada por Cabo de Hornos."
"CL-MUN-08313","Municipalidad de Yumbel","","Administración territorial","Municipalidad","","Comunal","08","Región del Biobío","08313","Yumbel","Gobierno local","Municipalidad autónoma","SRC-SUBDERE","territorial_catalogue_complete","2026-09-19","Antártica (12202) no tiene municipalidad propia; su agrupación es administrada por Cabo de Hornos."
"CL-MUN-08314","Municipalidad de Alto Biobío","","Administración territorial","Municipalidad","","Comunal","08","Región del Biobío","08314","Alto Biobío","Gobierno local","Municipalidad autónoma","SRC-SUBDERE","territorial_catalogue_complete","2026-09-19","Antártica (12202) no tiene municipalidad propia; su agrupación es administrada por Cabo de Hornos."
"CL-MUN-09101","Municipalidad de Temuco","","Administración territorial","Municipalidad","","Comunal","09","Región de La Araucanía","09101","Temuco","Gobierno local","Municipalidad autónoma","SRC-SUBDERE","territorial_catalogue_complete","2026-09-19","Antártica (12202) no tiene municipalidad propia; su agrupación es administrada por Cabo de Hornos."
"CL-MUN-09102","Municipalidad de Carahue","","Administración territorial","Municipalidad","","Comunal","09","Región de La Araucanía","09102","Carahue","Gobierno local","Municipalidad autónoma","SRC-SUBDERE","territorial_catalogue_complete","2026-09-19","Antártica (12202) no tiene municipalidad propia; su agrupación es administrada por Cabo de Hornos."
"CL-MUN-09103","Municipalidad de Cunco","","Administración territorial","Municipalidad","","Comunal","09","Región de La Araucanía","09103","Cunco","Gobierno local","Municipalidad autónoma","SRC-SUBDERE","territorial_catalogue_complete","2026-09-19","Antártica (12202) no tiene municipalidad propia; su agrupación es administrada por Cabo de Hornos."
"CL-MUN-09104","Municipalidad de Curarrehue","","Administración territorial","Municipalidad","","Comunal","09","Región de La Araucanía","09104","Curarrehue","Gobierno local","Municipalidad autónoma","SRC-SUBDERE","territorial_catalogue_complete","2026-09-19","Antártica (12202) no tiene municipalidad propia; su agrupación es administrada por Cabo de Hornos."
"CL-MUN-09105","Municipalidad de Freire","","Administración territorial","Municipalidad","","Comunal","09","Región de La Araucanía","09105","Freire","Gobierno local","Municipalidad autónoma","SRC-SUBDERE","territorial_catalogue_complete","2026-09-19","Antártica (12202) no tiene municipalidad propia; su agrupación es administrada por Cabo de Hornos."
"CL-MUN-09106","Municipalidad de Galvarino","","Administración territorial","Municipalidad","","Comunal","09","Región de La Araucanía","09106","Galvarino","Gobierno local","Municipalidad autónoma","SRC-SUBDERE","territorial_catalogue_complete","2026-09-19","Antártica (12202) no tiene municipalidad propia; su agrupación es administrada por Cabo de Hornos."
"CL-MUN-09107","Municipalidad de Gorbea","","Administración territorial","Municipalidad","","Comunal","09","Región de La Araucanía","09107","Gorbea","Gobierno local","Municipalidad autónoma","SRC-SUBDERE","territorial_catalogue_complete","2026-09-19","Antártica (12202) no tiene municipalidad propia; su agrupación es administrada por Cabo de Hornos."
"CL-MUN-09108","Municipalidad de Lautaro","","Administración territorial","Municipalidad","","Comunal","09","Región de La Araucanía","09108","Lautaro","Gobierno local","Municipalidad autónoma","SRC-SUBDERE","territorial_catalogue_complete","2026-09-19","Antártica (12202) no tiene municipalidad propia; su agrupación es administrada por Cabo de Hornos."
"CL-MUN-09109","Municipalidad de Loncoche","","Administración territorial","Municipalidad","","Comunal","09","Región de La Araucanía","09109","Loncoche","Gobierno local","Municipalidad autónoma","SRC-SUBDERE","territorial_catalogue_complete","2026-09-19","Antártica (12202) no tiene municipalidad propia; su agrupación es administrada por Cabo de Hornos."
"CL-MUN-09110","Municipalidad de Melipeuco","","Administración territorial","Municipalidad","","Comunal","09","Región de La Araucanía","09110","Melipeuco","Gobierno local","Municipalidad autónoma","SRC-SUBDERE","territorial_catalogue_complete","2026-09-19","Antártica (12202) no tiene municipalidad propia; su agrupación es administrada por Cabo de Hornos."
"CL-MUN-09111","Municipalidad de Nueva Imperial","","Administración territorial","Municipalidad","","Comunal","09","Región de La Araucanía","09111","Nueva Imperial","Gobierno local","Municipalidad autónoma","SRC-SUBDERE","territorial_catalogue_complete","2026-09-19","Antártica (12202) no tiene municipalidad propia; su agrupación es administrada por Cabo de Hornos."
"CL-MUN-09112","Municipalidad de Padre Las Casas","","Administración territorial","Municipalidad","","Comunal","09","Región de La Araucanía","09112","Padre Las Casas","Gobierno local","Municipalidad autónoma","SRC-SUBDERE","territorial_catalogue_complete","2026-09-19","Antártica (12202) no tiene municipalidad propia; su agrupación es administrada por Cabo de Hornos."
"CL-MUN-09113","Municipalidad de Perquenco","","Administración territorial","Municipalidad","","Comunal","09","Región de La Araucanía","09113","Perquenco","Gobierno local","Municipalidad autónoma","SRC-SUBDERE","territorial_catalogue_complete","2026-09-19","Antártica (12202) no tiene municipalidad propia; su agrupación es administrada por Cabo de Hornos."
"CL-MUN-09114","Municipalidad de Pitrufquén","","Administración territorial","Municipalidad","","Comunal","09","Región de La Araucanía","09114","Pitrufquén","Gobierno local","Municipalidad autónoma","SRC-SUBDERE","territorial_catalogue_complete","2026-09-19","Antártica (12202) no tiene municipalidad propia; su agrupación es administrada por Cabo de Hornos."
"CL-MUN-09115","Municipalidad de Pucón","","Administración territorial","Municipalidad","","Comunal","09","Región de La Araucanía","09115","Pucón","Gobierno local","Municipalidad autónoma","SRC-SUBDERE","territorial_catalogue_complete","2026-09-19","Antártica (12202) no tiene municipalidad propia; su agrupación es administrada por Cabo de Hornos."
"CL-MUN-09116","Municipalidad de Saavedra","","Administración territorial","Municipalidad","","Comunal","09","Región de La Araucanía","09116","Saavedra","Gobierno local","Municipalidad autónoma","SRC-SUBDERE","territorial_catalogue_complete","2026-09-19","Antártica (12202) no tiene municipalidad propia; su agrupación es administrada por Cabo de Hornos."
"CL-MUN-09117","Municipalidad de Teodoro Schmidt","","Administración territorial","Municipalidad","","Comunal","09","Región de La Araucanía","09117","Teodoro Schmidt","Gobierno local","Municipalidad autónoma","SRC-SUBDERE","territorial_catalogue_complete","2026-09-19","Antártica (12202) no tiene municipalidad propia; su agrupación es administrada por Cabo de Hornos."
"CL-MUN-09118","Municipalidad de Toltén","","Administración territorial","Municipalidad","","Comunal","09","Región de La Araucanía","09118","Toltén","Gobierno local","Municipalidad autónoma","SRC-SUBDERE","territorial_catalogue_complete","2026-09-19","Antártica (12202) no tiene municipalidad propia; su agrupación es administrada por Cabo de Hornos."
"CL-MUN-09119","Municipalidad de Vilcún","","Administración territorial","Municipalidad","","Comunal","09","Región de La Araucanía","09119","Vilcún","Gobierno local","Municipalidad autónoma","SRC-SUBDERE","territorial_catalogue_complete","2026-09-19","Antártica (12202) no tiene municipalidad propia; su agrupación es administrada por Cabo de Hornos."
"CL-MUN-09120","Municipalidad de Villarrica","","Administración territorial","Municipalidad","","Comunal","09","Región de La Araucanía","09120","Villarrica","Gobierno local","Municipalidad autónoma","SRC-SUBDERE","territorial_catalogue_complete","2026-09-19","Antártica (12202) no tiene municipalidad propia; su agrupación es administrada por Cabo de Hornos."
"CL-MUN-09121","Municipalidad de Cholchol","","Administración territorial","Municipalidad","","Comunal","09","Región de La Araucanía","09121","Cholchol","Gobierno local","Municipalidad autónoma","SRC-SUBDERE","territorial_catalogue_complete","2026-09-19","Antártica (12202) no tiene municipalidad propia; su agrupación es administrada por Cabo de Hornos."
"CL-MUN-09201","Municipalidad de Angol","","Administración territorial","Municipalidad","","Comunal","09","Región de La Araucanía","09201","Angol","Gobierno local","Municipalidad autónoma","SRC-SUBDERE","territorial_catalogue_complete","2026-09-19","Antártica (12202) no tiene municipalidad propia; su agrupación es administrada por Cabo de Hornos."
"CL-MUN-09202","Municipalidad de Collipulli","","Administración territorial","Municipalidad","","Comunal","09","Región de La Araucanía","09202","Collipulli","Gobierno local","Municipalidad autónoma","SRC-SUBDERE","territorial_catalogue_complete","2026-09-19","Antártica (12202) no tiene municipalidad propia; su agrupación es administrada por Cabo de Hornos."
"CL-MUN-09203","Municipalidad de Curacautín","","Administración territorial","Municipalidad","","Comunal","09","Región de La Araucanía","09203","Curacautín","Gobierno local","Municipalidad autónoma","SRC-SUBDERE","territorial_catalogue_complete","2026-09-19","Antártica (12202) no tiene municipalidad propia; su agrupación es administrada por Cabo de Hornos."
"CL-MUN-09204","Municipalidad de Ercilla","","Administración territorial","Municipalidad","","Comunal","09","Región de La Araucanía","09204","Ercilla","Gobierno local","Municipalidad autónoma","SRC-SUBDERE","territorial_catalogue_complete","2026-09-19","Antártica (12202) no tiene municipalidad propia; su agrupación es administrada por Cabo de Hornos."
"CL-MUN-09205","Municipalidad de Lonquimay","","Administración territorial","Municipalidad","","Comunal","09","Región de La Araucanía","09205","Lonquimay","Gobierno local","Municipalidad autónoma","SRC-SUBDERE","territorial_catalogue_complete","2026-09-19","Antártica (12202) no tiene municipalidad propia; su agrupación es administrada por Cabo de Hornos."
"CL-MUN-09206","Municipalidad de Los Sauces","","Administración territorial","Municipalidad","","Comunal","09","Región de La Araucanía","09206","Los Sauces","Gobierno local","Municipalidad autónoma","SRC-SUBDERE","territorial_catalogue_complete","2026-09-19","Antártica (12202) no tiene municipalidad propia; su agrupación es administrada por Cabo de Hornos."
"CL-MUN-09207","Municipalidad de Lumaco","","Administración territorial","Municipalidad","","Comunal","09","Región de La Araucanía","09207","Lumaco","Gobierno local","Municipalidad autónoma","SRC-SUBDERE","territorial_catalogue_complete","2026-09-19","Antártica (12202) no tiene municipalidad propia; su agrupación es administrada por Cabo de Hornos."
"CL-MUN-09208","Municipalidad de Purén","","Administración territorial","Municipalidad","","Comunal","09","Región de La Araucanía","09208","Purén","Gobierno local","Municipalidad autónoma","SRC-SUBDERE","territorial_catalogue_complete","2026-09-19","Antártica (12202) no tiene municipalidad propia; su agrupación es administrada por Cabo de Hornos."
"CL-MUN-09209","Municipalidad de Renaico","","Administración territorial","Municipalidad","","Comunal","09","Región de La Araucanía","09209","Renaico","Gobierno local","Municipalidad autónoma","SRC-SUBDERE","territorial_catalogue_complete","2026-09-19","Antártica (12202) no tiene municipalidad propia; su agrupación es administrada por Cabo de Hornos."
"CL-MUN-09210","Municipalidad de Traiguén","","Administración territorial","Municipalidad","","Comunal","09","Región de La Araucanía","09210","Traiguén","Gobierno local","Municipalidad autónoma","SRC-SUBDERE","territorial_catalogue_complete","2026-09-19","Antártica (12202) no tiene municipalidad propia; su agrupación es administrada por Cabo de Hornos."
"CL-MUN-09211","Municipalidad de Victoria","","Administración territorial","Municipalidad","","Comunal","09","Región de La Araucanía","09211","Victoria","Gobierno local","Municipalidad autónoma","SRC-SUBDERE","territorial_catalogue_complete","2026-09-19","Antártica (12202) no tiene municipalidad propia; su agrupación es administrada por Cabo de Hornos."
"CL-MUN-10101","Municipalidad de Puerto Montt","","Administración territorial","Municipalidad","","Comunal","10","Región de Los Lagos","10101","Puerto Montt","Gobierno local","Municipalidad autónoma","SRC-SUBDERE","territorial_catalogue_complete","2026-09-19","Antártica (12202) no tiene municipalidad propia; su agrupación es administrada por Cabo de Hornos."
"CL-MUN-10102","Municipalidad de Calbuco","","Administración territorial","Municipalidad","","Comunal","10","Región de Los Lagos","10102","Calbuco","Gobierno local","Municipalidad autónoma","SRC-SUBDERE","territorial_catalogue_complete","2026-09-19","Antártica (12202) no tiene municipalidad propia; su agrupación es administrada por Cabo de Hornos."
"CL-MUN-10103","Municipalidad de Cochamó","","Administración territorial","Municipalidad","","Comunal","10","Región de Los Lagos","10103","Cochamó","Gobierno local","Municipalidad autónoma","SRC-SUBDERE","territorial_catalogue_complete","2026-09-19","Antártica (12202) no tiene municipalidad propia; su agrupación es administrada por Cabo de Hornos."
"CL-MUN-10104","Municipalidad de Fresia","","Administración territorial","Municipalidad","","Comunal","10","Región de Los Lagos","10104","Fresia","Gobierno local","Municipalidad autónoma","SRC-SUBDERE","territorial_catalogue_complete","2026-09-19","Antártica (12202) no tiene municipalidad propia; su agrupación es administrada por Cabo de Hornos."
"CL-MUN-10105","Municipalidad de Frutillar","","Administración territorial","Municipalidad","","Comunal","10","Región de Los Lagos","10105","Frutillar","Gobierno local","Municipalidad autónoma","SRC-SUBDERE","territorial_catalogue_complete","2026-09-19","Antártica (12202) no tiene municipalidad propia; su agrupación es administrada por Cabo de Hornos."
"CL-MUN-10106","Municipalidad de Los Muermos","","Administración territorial","Municipalidad","","Comunal","10","Región de Los Lagos","10106","Los Muermos","Gobierno local","Municipalidad autónoma","SRC-SUBDERE","territorial_catalogue_complete","2026-09-19","Antártica (12202) no tiene municipalidad propia; su agrupación es administrada por Cabo de Hornos."
"CL-MUN-10107","Municipalidad de Llanquihue","","Administración territorial","Municipalidad","","Comunal","10","Región de Los Lagos","10107","Llanquihue","Gobierno local","Municipalidad autónoma","SRC-SUBDERE","territorial_catalogue_complete","2026-09-19","Antártica (12202) no tiene municipalidad propia; su agrupación es administrada por Cabo de Hornos."
"CL-MUN-10108","Municipalidad de Maullín","","Administración territorial","Municipalidad","","Comunal","10","Región de Los Lagos","10108","Maullín","Gobierno local","Municipalidad autónoma","SRC-SUBDERE","territorial_catalogue_complete","2026-09-19","Antártica (12202) no tiene municipalidad propia; su agrupación es administrada por Cabo de Hornos."
"CL-MUN-10109","Municipalidad de Puerto Varas","","Administración territorial","Municipalidad","","Comunal","10","Región de Los Lagos","10109","Puerto Varas","Gobierno local","Municipalidad autónoma","SRC-SUBDERE","territorial_catalogue_complete","2026-09-19","Antártica (12202) no tiene municipalidad propia; su agrupación es administrada por Cabo de Hornos."
"CL-MUN-10201","Municipalidad de Castro","","Administración territorial","Municipalidad","","Comunal","10","Región de Los Lagos","10201","Castro","Gobierno local","Municipalidad autónoma","SRC-SUBDERE","territorial_catalogue_complete","2026-09-19","Antártica (12202) no tiene municipalidad propia; su agrupación es administrada por Cabo de Hornos."
"CL-MUN-10202","Municipalidad de Ancud","","Administración territorial","Municipalidad","","Comunal","10","Región de Los Lagos","10202","Ancud","Gobierno local","Municipalidad autónoma","SRC-SUBDERE","territorial_catalogue_complete","2026-09-19","Antártica (12202) no tiene municipalidad propia; su agrupación es administrada por Cabo de Hornos."
"CL-MUN-10203","Municipalidad de Chonchi","","Administración territorial","Municipalidad","","Comunal","10","Región de Los Lagos","10203","Chonchi","Gobierno local","Municipalidad autónoma","SRC-SUBDERE","territorial_catalogue_complete","2026-09-19","Antártica (12202) no tiene municipalidad propia; su agrupación es administrada por Cabo de Hornos."
"CL-MUN-10204","Municipalidad de Curaco de Vélez","","Administración territorial","Municipalidad","","Comunal","10","Región de Los Lagos","10204","Curaco de Vélez","Gobierno local","Municipalidad autónoma","SRC-SUBDERE","territorial_catalogue_complete","2026-09-19","Antártica (12202) no tiene municipalidad propia; su agrupación es administrada por Cabo de Hornos."
"CL-MUN-10205","Municipalidad de Dalcahue","","Administración territorial","Municipalidad","","Comunal","10","Región de Los Lagos","10205","Dalcahue","Gobierno local","Municipalidad autónoma","SRC-SUBDERE","territorial_catalogue_complete","2026-09-19","Antártica (12202) no tiene municipalidad propia; su agrupación es administrada por Cabo de Hornos."
"CL-MUN-10206","Municipalidad de Puqueldón","","Administración territorial","Municipalidad","","Comunal","10","Región de Los Lagos","10206","Puqueldón","Gobierno local","Municipalidad autónoma","SRC-SUBDERE","territorial_catalogue_complete","2026-09-19","Antártica (12202) no tiene municipalidad propia; su agrupación es administrada por Cabo de Hornos."
"CL-MUN-10207","Municipalidad de Queilén","","Administración territorial","Municipalidad","","Comunal","10","Región de Los Lagos","10207","Queilén","Gobierno local","Municipalidad autónoma","SRC-SUBDERE","territorial_catalogue_complete","2026-09-19","Antártica (12202) no tiene municipalidad propia; su agrupación es administrada por Cabo de Hornos."
"CL-MUN-10208","Municipalidad de Quellón","","Administración territorial","Municipalidad","","Comunal","10","Región de Los Lagos","10208","Quellón","Gobierno local","Municipalidad autónoma","SRC-SUBDERE","territorial_catalogue_complete","2026-09-19","Antártica (12202) no tiene municipalidad propia; su agrupación es administrada por Cabo de Hornos."
"CL-MUN-10209","Municipalidad de Quemchi","","Administración territorial","Municipalidad","","Comunal","10","Región de Los Lagos","10209","Quemchi","Gobierno local","Municipalidad autónoma","SRC-SUBDERE","territorial_catalogue_complete","2026-09-19","Antártica (12202) no tiene municipalidad propia; su agrupación es administrada por Cabo de Hornos."
"CL-MUN-10210","Municipalidad de Quinchao","","Administración territorial","Municipalidad","","Comunal","10","Región de Los Lagos","10210","Quinchao","Gobierno local","Municipalidad autónoma","SRC-SUBDERE","territorial_catalogue_complete","2026-09-19","Antártica (12202) no tiene municipalidad propia; su agrupación es administrada por Cabo de Hornos."
"CL-MUN-10301","Municipalidad de Osorno","","Administración territorial","Municipalidad","","Comunal","10","Región de Los Lagos","10301","Osorno","Gobierno local","Municipalidad autónoma","SRC-SUBDERE","territorial_catalogue_complete","2026-09-19","Antártica (12202) no tiene municipalidad propia; su agrupación es administrada por Cabo de Hornos."
"CL-MUN-10302","Municipalidad de Puerto Octay","","Administración territorial","Municipalidad","","Comunal","10","Región de Los Lagos","10302","Puerto Octay","Gobierno local","Municipalidad autónoma","SRC-SUBDERE","territorial_catalogue_complete","2026-09-19","Antártica (12202) no tiene municipalidad propia; su agrupación es administrada por Cabo de Hornos."
"CL-MUN-10303","Municipalidad de Purranque","","Administración territorial","Municipalidad","","Comunal","10","Región de Los Lagos","10303","Purranque","Gobierno local","Municipalidad autónoma","SRC-SUBDERE","territorial_catalogue_complete","2026-09-19","Antártica (12202) no tiene municipalidad propia; su agrupación es administrada por Cabo de Hornos."
"CL-MUN-10304","Municipalidad de Puyehue","","Administración territorial","Municipalidad","","Comunal","10","Región de Los Lagos","10304","Puyehue","Gobierno local","Municipalidad autónoma","SRC-SUBDERE","territorial_catalogue_complete","2026-09-19","Antártica (12202) no tiene municipalidad propia; su agrupación es administrada por Cabo de Hornos."
"CL-MUN-10305","Municipalidad de Río Negro","","Administración territorial","Municipalidad","","Comunal","10","Región de Los Lagos","10305","Río Negro","Gobierno local","Municipalidad autónoma","SRC-SUBDERE","territorial_catalogue_complete","2026-09-19","Antártica (12202) no tiene municipalidad propia; su agrupación es administrada por Cabo de Hornos."
"CL-MUN-10306","Municipalidad de San Juan de la Costa","","Administración territorial","Municipalidad","","Comunal","10","Región de Los Lagos","10306","San Juan de la Costa","Gobierno local","Municipalidad autónoma","SRC-SUBDERE","territorial_catalogue_complete","2026-09-19","Antártica (12202) no tiene municipalidad propia; su agrupación es administrada por Cabo de Hornos."
"CL-MUN-10307","Municipalidad de San Pablo","","Administración territorial","Municipalidad","","Comunal","10","Región de Los Lagos","10307","San Pablo","Gobierno local","Municipalidad autónoma","SRC-SUBDERE","territorial_catalogue_complete","2026-09-19","Antártica (12202) no tiene municipalidad propia; su agrupación es administrada por Cabo de Hornos."
"CL-MUN-10401","Municipalidad de Chaitén","","Administración territorial","Municipalidad","","Comunal","10","Región de Los Lagos","10401","Chaitén","Gobierno local","Municipalidad autónoma","SRC-SUBDERE","territorial_catalogue_complete","2026-09-19","Antártica (12202) no tiene municipalidad propia; su agrupación es administrada por Cabo de Hornos."
"CL-MUN-10402","Municipalidad de Futaleufú","","Administración territorial","Municipalidad","","Comunal","10","Región de Los Lagos","10402","Futaleufú","Gobierno local","Municipalidad autónoma","SRC-SUBDERE","territorial_catalogue_complete","2026-09-19","Antártica (12202) no tiene municipalidad propia; su agrupación es administrada por Cabo de Hornos."
"CL-MUN-10403","Municipalidad de Hualaihué","","Administración territorial","Municipalidad","","Comunal","10","Región de Los Lagos","10403","Hualaihué","Gobierno local","Municipalidad autónoma","SRC-SUBDERE","territorial_catalogue_complete","2026-09-19","Antártica (12202) no tiene municipalidad propia; su agrupación es administrada por Cabo de Hornos."
"CL-MUN-10404","Municipalidad de Palena","","Administración territorial","Municipalidad","","Comunal","10","Región de Los Lagos","10404","Palena","Gobierno local","Municipalidad autónoma","SRC-SUBDERE","territorial_catalogue_complete","2026-09-19","Antártica (12202) no tiene municipalidad propia; su agrupación es administrada por Cabo de Hornos."
"CL-MUN-11101","Municipalidad de Coyhaique","","Administración territorial","Municipalidad","","Comunal","11","Región de Aysén del General Carlos Ibáñez del Campo","11101","Coyhaique","Gobierno local","Municipalidad autónoma","SRC-SUBDERE","territorial_catalogue_complete","2026-09-19","Antártica (12202) no tiene municipalidad propia; su agrupación es administrada por Cabo de Hornos."
"CL-MUN-11102","Municipalidad de Lago Verde","","Administración territorial","Municipalidad","","Comunal","11","Región de Aysén del General Carlos Ibáñez del Campo","11102","Lago Verde","Gobierno local","Municipalidad autónoma","SRC-SUBDERE","territorial_catalogue_complete","2026-09-19","Antártica (12202) no tiene municipalidad propia; su agrupación es administrada por Cabo de Hornos."
"CL-MUN-11201","Municipalidad de Aysén","","Administración territorial","Municipalidad","","Comunal","11","Región de Aysén del General Carlos Ibáñez del Campo","11201","Aysén","Gobierno local","Municipalidad autónoma","SRC-SUBDERE","territorial_catalogue_complete","2026-09-19","Antártica (12202) no tiene municipalidad propia; su agrupación es administrada por Cabo de Hornos."
"CL-MUN-11202","Municipalidad de Cisnes","","Administración territorial","Municipalidad","","Comunal","11","Región de Aysén del General Carlos Ibáñez del Campo","11202","Cisnes","Gobierno local","Municipalidad autónoma","SRC-SUBDERE","territorial_catalogue_complete","2026-09-19","Antártica (12202) no tiene municipalidad propia; su agrupación es administrada por Cabo de Hornos."
"CL-MUN-11203","Municipalidad de Guaitecas","","Administración territorial","Municipalidad","","Comunal","11","Región de Aysén del General Carlos Ibáñez del Campo","11203","Guaitecas","Gobierno local","Municipalidad autónoma","SRC-SUBDERE","territorial_catalogue_complete","2026-09-19","Antártica (12202) no tiene municipalidad propia; su agrupación es administrada por Cabo de Hornos."
"CL-MUN-11301","Municipalidad de Cochrane","","Administración territorial","Municipalidad","","Comunal","11","Región de Aysén del General Carlos Ibáñez del Campo","11301","Cochrane","Gobierno local","Municipalidad autónoma","SRC-SUBDERE","territorial_catalogue_complete","2026-09-19","Antártica (12202) no tiene municipalidad propia; su agrupación es administrada por Cabo de Hornos."
"CL-MUN-11302","Municipalidad de O'Higgins","","Administración territorial","Municipalidad","","Comunal","11","Región de Aysén del General Carlos Ibáñez del Campo","11302","O'Higgins","Gobierno local","Municipalidad autónoma","SRC-SUBDERE","territorial_catalogue_complete","2026-09-19","Antártica (12202) no tiene municipalidad propia; su agrupación es administrada por Cabo de Hornos."
"CL-MUN-11303","Municipalidad de Tortel","","Administración territorial","Municipalidad","","Comunal","11","Región de Aysén del General Carlos Ibáñez del Campo","11303","Tortel","Gobierno local","Municipalidad autónoma","SRC-SUBDERE","territorial_catalogue_complete","2026-09-19","Antártica (12202) no tiene municipalidad propia; su agrupación es administrada por Cabo de Hornos."
"CL-MUN-11401","Municipalidad de Chile Chico","","Administración territorial","Municipalidad","","Comunal","11","Región de Aysén del General Carlos Ibáñez del Campo","11401","Chile Chico","Gobierno local","Municipalidad autónoma","SRC-SUBDERE","territorial_catalogue_complete","2026-09-19","Antártica (12202) no tiene municipalidad propia; su agrupación es administrada por Cabo de Hornos."
"CL-MUN-11402","Municipalidad de Río Ibáñez","","Administración territorial","Municipalidad","","Comunal","11","Región de Aysén del General Carlos Ibáñez del Campo","11402","Río Ibáñez","Gobierno local","Municipalidad autónoma","SRC-SUBDERE","territorial_catalogue_complete","2026-09-19","Antártica (12202) no tiene municipalidad propia; su agrupación es administrada por Cabo de Hornos."
"CL-MUN-12101","Municipalidad de Punta Arenas","","Administración territorial","Municipalidad","","Comunal","12","Región de Magallanes y de la Antártica Chilena","12101","Punta Arenas","Gobierno local","Municipalidad autónoma","SRC-SUBDERE","territorial_catalogue_complete","2026-09-19","Antártica (12202) no tiene municipalidad propia; su agrupación es administrada por Cabo de Hornos."
"CL-MUN-12102","Municipalidad de Laguna Blanca","","Administración territorial","Municipalidad","","Comunal","12","Región de Magallanes y de la Antártica Chilena","12102","Laguna Blanca","Gobierno local","Municipalidad autónoma","SRC-SUBDERE","territorial_catalogue_complete","2026-09-19","Antártica (12202) no tiene municipalidad propia; su agrupación es administrada por Cabo de Hornos."
"CL-MUN-12103","Municipalidad de Río Verde","","Administración territorial","Municipalidad","","Comunal","12","Región de Magallanes y de la Antártica Chilena","12103","Río Verde","Gobierno local","Municipalidad autónoma","SRC-SUBDERE","territorial_catalogue_complete","2026-09-19","Antártica (12202) no tiene municipalidad propia; su agrupación es administrada por Cabo de Hornos."
"CL-MUN-12104","Municipalidad de San Gregorio","","Administración territorial","Municipalidad","","Comunal","12","Región de Magallanes y de la Antártica Chilena","12104","San Gregorio","Gobierno local","Municipalidad autónoma","SRC-SUBDERE","territorial_catalogue_complete","2026-09-19","Antártica (12202) no tiene municipalidad propia; su agrupación es administrada por Cabo de Hornos."
"CL-MUN-12201","Municipalidad de Cabo de Hornos","","Administración territorial","Municipalidad","","Comunal","12","Región de Magallanes y de la Antártica Chilena","12201","Cabo de Hornos","Gobierno local","Municipalidad autónoma","SRC-SUBDERE","territorial_catalogue_complete","2026-09-19","Antártica (12202) no tiene municipalidad propia; su agrupación es administrada por Cabo de Hornos."
"CL-MUN-12301","Municipalidad de Porvenir","","Administración territorial","Municipalidad","","Comunal","12","Región de Magallanes y de la Antártica Chilena","12301","Porvenir","Gobierno local","Municipalidad autónoma","SRC-SUBDERE","territorial_catalogue_complete","2026-09-19","Antártica (12202) no tiene municipalidad propia; su agrupación es administrada por Cabo de Hornos."
"CL-MUN-12302","Municipalidad de Primavera","","Administración territorial","Municipalidad","","Comunal","12","Región de Magallanes y de la Antártica Chilena","12302","Primavera","Gobierno local","Municipalidad autónoma","SRC-SUBDERE","territorial_catalogue_complete","2026-09-19","Antártica (12202) no tiene municipalidad propia; su agrupación es administrada por Cabo de Hornos."
"CL-MUN-12303","Municipalidad de Timaukel","","Administración territorial","Municipalidad","","Comunal","12","Región de Magallanes y de la Antártica Chilena","12303","Timaukel","Gobierno local","Municipalidad autónoma","SRC-SUBDERE","territorial_catalogue_complete","2026-09-19","Antártica (12202) no tiene municipalidad propia; su agrupación es administrada por Cabo de Hornos."
"CL-MUN-12401","Municipalidad de Natales","","Administración territorial","Municipalidad","","Comunal","12","Región de Magallanes y de la Antártica Chilena","12401","Natales","Gobierno local","Municipalidad autónoma","SRC-SUBDERE","territorial_catalogue_complete","2026-09-19","Antártica (12202) no tiene municipalidad propia; su agrupación es administrada por Cabo de Hornos."
"CL-MUN-12402","Municipalidad de Torres del Paine","","Administración territorial","Municipalidad","","Comunal","12","Región de Magallanes y de la Antártica Chilena","12402","Torres del Paine","Gobierno local","Municipalidad autónoma","SRC-SUBDERE","territorial_catalogue_complete","2026-09-19","Antártica (12202) no tiene municipalidad propia; su agrupación es administrada por Cabo de Hornos."
"CL-MUN-13101","Municipalidad de Santiago","","Administración territorial","Municipalidad","","Comunal","13","Región Metropolitana de Santiago","13101","Santiago","Gobierno local","Municipalidad autónoma","SRC-SUBDERE","territorial_catalogue_complete","2026-09-19","Antártica (12202) no tiene municipalidad propia; su agrupación es administrada por Cabo de Hornos."
"CL-MUN-13102","Municipalidad de Cerrillos","","Administración territorial","Municipalidad","","Comunal","13","Región Metropolitana de Santiago","13102","Cerrillos","Gobierno local","Municipalidad autónoma","SRC-SUBDERE","territorial_catalogue_complete","2026-09-19","Antártica (12202) no tiene municipalidad propia; su agrupación es administrada por Cabo de Hornos."
"CL-MUN-13103","Municipalidad de Cerro Navia","","Administración territorial","Municipalidad","","Comunal","13","Región Metropolitana de Santiago","13103","Cerro Navia","Gobierno local","Municipalidad autónoma","SRC-SUBDERE","territorial_catalogue_complete","2026-09-19","Antártica (12202) no tiene municipalidad propia; su agrupación es administrada por Cabo de Hornos."
"CL-MUN-13104","Municipalidad de Conchalí","","Administración territorial","Municipalidad","","Comunal","13","Región Metropolitana de Santiago","13104","Conchalí","Gobierno local","Municipalidad autónoma","SRC-SUBDERE","territorial_catalogue_complete","2026-09-19","Antártica (12202) no tiene municipalidad propia; su agrupación es administrada por Cabo de Hornos."
"CL-MUN-13105","Municipalidad de El Bosque","","Administración territorial","Municipalidad","","Comunal","13","Región Metropolitana de Santiago","13105","El Bosque","Gobierno local","Municipalidad autónoma","SRC-SUBDERE","territorial_catalogue_complete","2026-09-19","Antártica (12202) no tiene municipalidad propia; su agrupación es administrada por Cabo de Hornos."
"CL-MUN-13106","Municipalidad de Estación Central","","Administración territorial","Municipalidad","","Comunal","13","Región Metropolitana de Santiago","13106","Estación Central","Gobierno local","Municipalidad autónoma","SRC-SUBDERE","territorial_catalogue_complete","2026-09-19","Antártica (12202) no tiene municipalidad propia; su agrupación es administrada por Cabo de Hornos."
"CL-MUN-13107","Municipalidad de Huechuraba","","Administración territorial","Municipalidad","","Comunal","13","Región Metropolitana de Santiago","13107","Huechuraba","Gobierno local","Municipalidad autónoma","SRC-SUBDERE","territorial_catalogue_complete","2026-09-19","Antártica (12202) no tiene municipalidad propia; su agrupación es administrada por Cabo de Hornos."
"CL-MUN-13108","Municipalidad de Independencia","","Administración territorial","Municipalidad","","Comunal","13","Región Metropolitana de Santiago","13108","Independencia","Gobierno local","Municipalidad autónoma","SRC-SUBDERE","territorial_catalogue_complete","2026-09-19","Antártica (12202) no tiene municipalidad propia; su agrupación es administrada por Cabo de Hornos."
"CL-MUN-13109","Municipalidad de La Cisterna","","Administración territorial","Municipalidad","","Comunal","13","Región Metropolitana de Santiago","13109","La Cisterna","Gobierno local","Municipalidad autónoma","SRC-SUBDERE","territorial_catalogue_complete","2026-09-19","Antártica (12202) no tiene municipalidad propia; su agrupación es administrada por Cabo de Hornos."
"CL-MUN-13110","Municipalidad de La Florida","","Administración territorial","Municipalidad","","Comunal","13","Región Metropolitana de Santiago","13110","La Florida","Gobierno local","Municipalidad autónoma","SRC-SUBDERE","territorial_catalogue_complete","2026-09-19","Antártica (12202) no tiene municipalidad propia; su agrupación es administrada por Cabo de Hornos."
"CL-MUN-13111","Municipalidad de La Granja","","Administración territorial","Municipalidad","","Comunal","13","Región Metropolitana de Santiago","13111","La Granja","Gobierno local","Municipalidad autónoma","SRC-SUBDERE","territorial_catalogue_complete","2026-09-19","Antártica (12202) no tiene municipalidad propia; su agrupación es administrada por Cabo de Hornos."
"CL-MUN-13112","Municipalidad de La Pintana","","Administración territorial","Municipalidad","","Comunal","13","Región Metropolitana de Santiago","13112","La Pintana","Gobierno local","Municipalidad autónoma","SRC-SUBDERE","territorial_catalogue_complete","2026-09-19","Antártica (12202) no tiene municipalidad propia; su agrupación es administrada por Cabo de Hornos."
"CL-MUN-13113","Municipalidad de La Reina","","Administración territorial","Municipalidad","","Comunal","13","Región Metropolitana de Santiago","13113","La Reina","Gobierno local","Municipalidad autónoma","SRC-SUBDERE","territorial_catalogue_complete","2026-09-19","Antártica (12202) no tiene municipalidad propia; su agrupación es administrada por Cabo de Hornos."
"CL-MUN-13114","Municipalidad de Las Condes","","Administración territorial","Municipalidad","","Comunal","13","Región Metropolitana de Santiago","13114","Las Condes","Gobierno local","Municipalidad autónoma","SRC-SUBDERE","territorial_catalogue_complete","2026-09-19","Antártica (12202) no tiene municipalidad propia; su agrupación es administrada por Cabo de Hornos."
"CL-MUN-13115","Municipalidad de Lo Barnechea","","Administración territorial","Municipalidad","","Comunal","13","Región Metropolitana de Santiago","13115","Lo Barnechea","Gobierno local","Municipalidad autónoma","SRC-SUBDERE","territorial_catalogue_complete","2026-09-19","Antártica (12202) no tiene municipalidad propia; su agrupación es administrada por Cabo de Hornos."
"CL-MUN-13116","Municipalidad de Lo Espejo","","Administración territorial","Municipalidad","","Comunal","13","Región Metropolitana de Santiago","13116","Lo Espejo","Gobierno local","Municipalidad autónoma","SRC-SUBDERE","territorial_catalogue_complete","2026-09-19","Antártica (12202) no tiene municipalidad propia; su agrupación es administrada por Cabo de Hornos."
"CL-MUN-13117","Municipalidad de Lo Prado","","Administración territorial","Municipalidad","","Comunal","13","Región Metropolitana de Santiago","13117","Lo Prado","Gobierno local","Municipalidad autónoma","SRC-SUBDERE","territorial_catalogue_complete","2026-09-19","Antártica (12202) no tiene municipalidad propia; su agrupación es administrada por Cabo de Hornos."
"CL-MUN-13118","Municipalidad de Macul","","Administración territorial","Municipalidad","","Comunal","13","Región Metropolitana de Santiago","13118","Macul","Gobierno local","Municipalidad autónoma","SRC-SUBDERE","territorial_catalogue_complete","2026-09-19","Antártica (12202) no tiene municipalidad propia; su agrupación es administrada por Cabo de Hornos."
"CL-MUN-13119","Municipalidad de Maipú","","Administración territorial","Municipalidad","","Comunal","13","Región Metropolitana de Santiago","13119","Maipú","Gobierno local","Municipalidad autónoma","SRC-SUBDERE","territorial_catalogue_complete","2026-09-19","Antártica (12202) no tiene municipalidad propia; su agrupación es administrada por Cabo de Hornos."
"CL-MUN-13120","Municipalidad de Ñuñoa","","Administración territorial","Municipalidad","","Comunal","13","Región Metropolitana de Santiago","13120","Ñuñoa","Gobierno local","Municipalidad autónoma","SRC-SUBDERE","territorial_catalogue_complete","2026-09-19","Antártica (12202) no tiene municipalidad propia; su agrupación es administrada por Cabo de Hornos."
"CL-MUN-13121","Municipalidad de Pedro Aguirre Cerda","","Administración territorial","Municipalidad","","Comunal","13","Región Metropolitana de Santiago","13121","Pedro Aguirre Cerda","Gobierno local","Municipalidad autónoma","SRC-SUBDERE","territorial_catalogue_complete","2026-09-19","Antártica (12202) no tiene municipalidad propia; su agrupación es administrada por Cabo de Hornos."
"CL-MUN-13122","Municipalidad de Peñalolén","","Administración territorial","Municipalidad","","Comunal","13","Región Metropolitana de Santiago","13122","Peñalolén","Gobierno local","Municipalidad autónoma","SRC-SUBDERE","territorial_catalogue_complete","2026-09-19","Antártica (12202) no tiene municipalidad propia; su agrupación es administrada por Cabo de Hornos."
"CL-MUN-13123","Municipalidad de Providencia","","Administración territorial","Municipalidad","","Comunal","13","Región Metropolitana de Santiago","13123","Providencia","Gobierno local","Municipalidad autónoma","SRC-SUBDERE","territorial_catalogue_complete","2026-09-19","Antártica (12202) no tiene municipalidad propia; su agrupación es administrada por Cabo de Hornos."
"CL-MUN-13124","Municipalidad de Pudahuel","","Administración territorial","Municipalidad","","Comunal","13","Región Metropolitana de Santiago","13124","Pudahuel","Gobierno local","Municipalidad autónoma","SRC-SUBDERE","territorial_catalogue_complete","2026-09-19","Antártica (12202) no tiene municipalidad propia; su agrupación es administrada por Cabo de Hornos."
"CL-MUN-13125","Municipalidad de Quilicura","","Administración territorial","Municipalidad","","Comunal","13","Región Metropolitana de Santiago","13125","Quilicura","Gobierno local","Municipalidad autónoma","SRC-SUBDERE","territorial_catalogue_complete","2026-09-19","Antártica (12202) no tiene municipalidad propia; su agrupación es administrada por Cabo de Hornos."
"CL-MUN-13126","Municipalidad de Quinta Normal","","Administración territorial","Municipalidad","","Comunal","13","Región Metropolitana de Santiago","13126","Quinta Normal","Gobierno local","Municipalidad autónoma","SRC-SUBDERE","territorial_catalogue_complete","2026-09-19","Antártica (12202) no tiene municipalidad propia; su agrupación es administrada por Cabo de Hornos."
"CL-MUN-13127","Municipalidad de Recoleta","","Administración territorial","Municipalidad","","Comunal","13","Región Metropolitana de Santiago","13127","Recoleta","Gobierno local","Municipalidad autónoma","SRC-SUBDERE","territorial_catalogue_complete","2026-09-19","Antártica (12202) no tiene municipalidad propia; su agrupación es administrada por Cabo de Hornos."
"CL-MUN-13128","Municipalidad de Renca","","Administración territorial","Municipalidad","","Comunal","13","Región Metropolitana de Santiago","13128","Renca","Gobierno local","Municipalidad autónoma","SRC-SUBDERE","territorial_catalogue_complete","2026-09-19","Antártica (12202) no tiene municipalidad propia; su agrupación es administrada por Cabo de Hornos."
"CL-MUN-13129","Municipalidad de San Joaquín","","Administración territorial","Municipalidad","","Comunal","13","Región Metropolitana de Santiago","13129","San Joaquín","Gobierno local","Municipalidad autónoma","SRC-SUBDERE","territorial_catalogue_complete","2026-09-19","Antártica (12202) no tiene municipalidad propia; su agrupación es administrada por Cabo de Hornos."
"CL-MUN-13130","Municipalidad de San Miguel","","Administración territorial","Municipalidad","","Comunal","13","Región Metropolitana de Santiago","13130","San Miguel","Gobierno local","Municipalidad autónoma","SRC-SUBDERE","territorial_catalogue_complete","2026-09-19","Antártica (12202) no tiene municipalidad propia; su agrupación es administrada por Cabo de Hornos."
"CL-MUN-13131","Municipalidad de San Ramón","","Administración territorial","Municipalidad","","Comunal","13","Región Metropolitana de Santiago","13131","San Ramón","Gobierno local","Municipalidad autónoma","SRC-SUBDERE","territorial_catalogue_complete","2026-09-19","Antártica (12202) no tiene municipalidad propia; su agrupación es administrada por Cabo de Hornos."
"CL-MUN-13132","Municipalidad de Vitacura","","Administración territorial","Municipalidad","","Comunal","13","Región Metropolitana de Santiago","13132","Vitacura","Gobierno local","Municipalidad autónoma","SRC-SUBDERE","territorial_catalogue_complete","2026-09-19","Antártica (12202) no tiene municipalidad propia; su agrupación es administrada por Cabo de Hornos."
"CL-MUN-13201","Municipalidad de Puente Alto","","Administración territorial","Municipalidad","","Comunal","13","Región Metropolitana de Santiago","13201","Puente Alto","Gobierno local","Municipalidad autónoma","SRC-SUBDERE","territorial_catalogue_complete","2026-09-19","Antártica (12202) no tiene municipalidad propia; su agrupación es administrada por Cabo de Hornos."
"CL-MUN-13202","Municipalidad de Pirque","","Administración territorial","Municipalidad","","Comunal","13","Región Metropolitana de Santiago","13202","Pirque","Gobierno local","Municipalidad autónoma","SRC-SUBDERE","territorial_catalogue_complete","2026-09-19","Antártica (12202) no tiene municipalidad propia; su agrupación es administrada por Cabo de Hornos."
"CL-MUN-13203","Municipalidad de San José de Maipo","","Administración territorial","Municipalidad","","Comunal","13","Región Metropolitana de Santiago","13203","San José de Maipo","Gobierno local","Municipalidad autónoma","SRC-SUBDERE","territorial_catalogue_complete","2026-09-19","Antártica (12202) no tiene municipalidad propia; su agrupación es administrada por Cabo de Hornos."
"CL-MUN-13301","Municipalidad de Colina","","Administración territorial","Municipalidad","","Comunal","13","Región Metropolitana de Santiago","13301","Colina","Gobierno local","Municipalidad autónoma","SRC-SUBDERE","territorial_catalogue_complete","2026-09-19","Antártica (12202) no tiene municipalidad propia; su agrupación es administrada por Cabo de Hornos."
"CL-MUN-13302","Municipalidad de Lampa","","Administración territorial","Municipalidad","","Comunal","13","Región Metropolitana de Santiago","13302","Lampa","Gobierno local","Municipalidad autónoma","SRC-SUBDERE","territorial_catalogue_complete","2026-09-19","Antártica (12202) no tiene municipalidad propia; su agrupación es administrada por Cabo de Hornos."
"CL-MUN-13303","Municipalidad de Tiltil","","Administración territorial","Municipalidad","","Comunal","13","Región Metropolitana de Santiago","13303","Tiltil","Gobierno local","Municipalidad autónoma","SRC-SUBDERE","territorial_catalogue_complete","2026-09-19","Antártica (12202) no tiene municipalidad propia; su agrupación es administrada por Cabo de Hornos."
"CL-MUN-13401","Municipalidad de San Bernardo","","Administración territorial","Municipalidad","","Comunal","13","Región Metropolitana de Santiago","13401","San Bernardo","Gobierno local","Municipalidad autónoma","SRC-SUBDERE","territorial_catalogue_complete","2026-09-19","Antártica (12202) no tiene municipalidad propia; su agrupación es administrada por Cabo de Hornos."
"CL-MUN-13402","Municipalidad de Buin","","Administración territorial","Municipalidad","","Comunal","13","Región Metropolitana de Santiago","13402","Buin","Gobierno local","Municipalidad autónoma","SRC-SUBDERE","territorial_catalogue_complete","2026-09-19","Antártica (12202) no tiene municipalidad propia; su agrupación es administrada por Cabo de Hornos."
"CL-MUN-13403","Municipalidad de Calera de Tango","","Administración territorial","Municipalidad","","Comunal","13","Región Metropolitana de Santiago","13403","Calera de Tango","Gobierno local","Municipalidad autónoma","SRC-SUBDERE","territorial_catalogue_complete","2026-09-19","Antártica (12202) no tiene municipalidad propia; su agrupación es administrada por Cabo de Hornos."
"CL-MUN-13404","Municipalidad de Paine","","Administración territorial","Municipalidad","","Comunal","13","Región Metropolitana de Santiago","13404","Paine","Gobierno local","Municipalidad autónoma","SRC-SUBDERE","territorial_catalogue_complete","2026-09-19","Antártica (12202) no tiene municipalidad propia; su agrupación es administrada por Cabo de Hornos."
"CL-MUN-13501","Municipalidad de Melipilla","","Administración territorial","Municipalidad","","Comunal","13","Región Metropolitana de Santiago","13501","Melipilla","Gobierno local","Municipalidad autónoma","SRC-SUBDERE","territorial_catalogue_complete","2026-09-19","Antártica (12202) no tiene municipalidad propia; su agrupación es administrada por Cabo de Hornos."
"CL-MUN-13502","Municipalidad de Alhué","","Administración territorial","Municipalidad","","Comunal","13","Región Metropolitana de Santiago","13502","Alhué","Gobierno local","Municipalidad autónoma","SRC-SUBDERE","territorial_catalogue_complete","2026-09-19","Antártica (12202) no tiene municipalidad propia; su agrupación es administrada por Cabo de Hornos."
"CL-MUN-13503","Municipalidad de Curacaví","","Administración territorial","Municipalidad","","Comunal","13","Región Metropolitana de Santiago","13503","Curacaví","Gobierno local","Municipalidad autónoma","SRC-SUBDERE","territorial_catalogue_complete","2026-09-19","Antártica (12202) no tiene municipalidad propia; su agrupación es administrada por Cabo de Hornos."
"CL-MUN-13504","Municipalidad de María Pinto","","Administración territorial","Municipalidad","","Comunal","13","Región Metropolitana de Santiago","13504","María Pinto","Gobierno local","Municipalidad autónoma","SRC-SUBDERE","territorial_catalogue_complete","2026-09-19","Antártica (12202) no tiene municipalidad propia; su agrupación es administrada por Cabo de Hornos."
"CL-MUN-13505","Municipalidad de San Pedro","","Administración territorial","Municipalidad","","Comunal","13","Región Metropolitana de Santiago","13505","San Pedro","Gobierno local","Municipalidad autónoma","SRC-SUBDERE","territorial_catalogue_complete","2026-09-19","Antártica (12202) no tiene municipalidad propia; su agrupación es administrada por Cabo de Hornos."
"CL-MUN-13601","Municipalidad de Talagante","","Administración territorial","Municipalidad","","Comunal","13","Región Metropolitana de Santiago","13601","Talagante","Gobierno local","Municipalidad autónoma","SRC-SUBDERE","territorial_catalogue_complete","2026-09-19","Antártica (12202) no tiene municipalidad propia; su agrupación es administrada por Cabo de Hornos."
"CL-MUN-13602","Municipalidad de El Monte","","Administración territorial","Municipalidad","","Comunal","13","Región Metropolitana de Santiago","13602","El Monte","Gobierno local","Municipalidad autónoma","SRC-SUBDERE","territorial_catalogue_complete","2026-09-19","Antártica (12202) no tiene municipalidad propia; su agrupación es administrada por Cabo de Hornos."
"CL-MUN-13603","Municipalidad de Isla de Maipo","","Administración territorial","Municipalidad","","Comunal","13","Región Metropolitana de Santiago","13603","Isla de Maipo","Gobierno local","Municipalidad autónoma","SRC-SUBDERE","territorial_catalogue_complete","2026-09-19","Antártica (12202) no tiene municipalidad propia; su agrupación es administrada por Cabo de Hornos."
"CL-MUN-13604","Municipalidad de Padre Hurtado","","Administración territorial","Municipalidad","","Comunal","13","Región Metropolitana de Santiago","13604","Padre Hurtado","Gobierno local","Municipalidad autónoma","SRC-SUBDERE","territorial_catalogue_complete","2026-09-19","Antártica (12202) no tiene municipalidad propia; su agrupación es administrada por Cabo de Hornos."
"CL-MUN-13605","Municipalidad de Peñaflor","","Administración territorial","Municipalidad","","Comunal","13","Región Metropolitana de Santiago","13605","Peñaflor","Gobierno local","Municipalidad autónoma","SRC-SUBDERE","territorial_catalogue_complete","2026-09-19","Antártica (12202) no tiene municipalidad propia; su agrupación es administrada por Cabo de Hornos."
"CL-MUN-14101","Municipalidad de Valdivia","","Administración territorial","Municipalidad","","Comunal","14","Región de Los Ríos","14101","Valdivia","Gobierno local","Municipalidad autónoma","SRC-SUBDERE","territorial_catalogue_complete","2026-09-19","Antártica (12202) no tiene municipalidad propia; su agrupación es administrada por Cabo de Hornos."
"CL-MUN-14102","Municipalidad de Corral","","Administración territorial","Municipalidad","","Comunal","14","Región de Los Ríos","14102","Corral","Gobierno local","Municipalidad autónoma","SRC-SUBDERE","territorial_catalogue_complete","2026-09-19","Antártica (12202) no tiene municipalidad propia; su agrupación es administrada por Cabo de Hornos."
"CL-MUN-14103","Municipalidad de Lanco","","Administración territorial","Municipalidad","","Comunal","14","Región de Los Ríos","14103","Lanco","Gobierno local","Municipalidad autónoma","SRC-SUBDERE","territorial_catalogue_complete","2026-09-19","Antártica (12202) no tiene municipalidad propia; su agrupación es administrada por Cabo de Hornos."
"CL-MUN-14104","Municipalidad de Los Lagos","","Administración territorial","Municipalidad","","Comunal","14","Región de Los Ríos","14104","Los Lagos","Gobierno local","Municipalidad autónoma","SRC-SUBDERE","territorial_catalogue_complete","2026-09-19","Antártica (12202) no tiene municipalidad propia; su agrupación es administrada por Cabo de Hornos."
"CL-MUN-14105","Municipalidad de Máfil","","Administración territorial","Municipalidad","","Comunal","14","Región de Los Ríos","14105","Máfil","Gobierno local","Municipalidad autónoma","SRC-SUBDERE","territorial_catalogue_complete","2026-09-19","Antártica (12202) no tiene municipalidad propia; su agrupación es administrada por Cabo de Hornos."
"CL-MUN-14106","Municipalidad de Mariquina","","Administración territorial","Municipalidad","","Comunal","14","Región de Los Ríos","14106","Mariquina","Gobierno local","Municipalidad autónoma","SRC-SUBDERE","territorial_catalogue_complete","2026-09-19","Antártica (12202) no tiene municipalidad propia; su agrupación es administrada por Cabo de Hornos."
"CL-MUN-14107","Municipalidad de Paillaco","","Administración territorial","Municipalidad","","Comunal","14","Región de Los Ríos","14107","Paillaco","Gobierno local","Municipalidad autónoma","SRC-SUBDERE","territorial_catalogue_complete","2026-09-19","Antártica (12202) no tiene municipalidad propia; su agrupación es administrada por Cabo de Hornos."
"CL-MUN-14108","Municipalidad de Panguipulli","","Administración territorial","Municipalidad","","Comunal","14","Región de Los Ríos","14108","Panguipulli","Gobierno local","Municipalidad autónoma","SRC-SUBDERE","territorial_catalogue_complete","2026-09-19","Antártica (12202) no tiene municipalidad propia; su agrupación es administrada por Cabo de Hornos."
"CL-MUN-14201","Municipalidad de La Unión","","Administración territorial","Municipalidad","","Comunal","14","Región de Los Ríos","14201","La Unión","Gobierno local","Municipalidad autónoma","SRC-SUBDERE","territorial_catalogue_complete","2026-09-19","Antártica (12202) no tiene municipalidad propia; su agrupación es administrada por Cabo de Hornos."
"CL-MUN-14202","Municipalidad de Futrono","","Administración territorial","Municipalidad","","Comunal","14","Región de Los Ríos","14202","Futrono","Gobierno local","Municipalidad autónoma","SRC-SUBDERE","territorial_catalogue_complete","2026-09-19","Antártica (12202) no tiene municipalidad propia; su agrupación es administrada por Cabo de Hornos."
"CL-MUN-14203","Municipalidad de Lago Ranco","","Administración territorial","Municipalidad","","Comunal","14","Región de Los Ríos","14203","Lago Ranco","Gobierno local","Municipalidad autónoma","SRC-SUBDERE","territorial_catalogue_complete","2026-09-19","Antártica (12202) no tiene municipalidad propia; su agrupación es administrada por Cabo de Hornos."
"CL-MUN-14204","Municipalidad de Río Bueno","","Administración territorial","Municipalidad","","Comunal","14","Región de Los Ríos","14204","Río Bueno","Gobierno local","Municipalidad autónoma","SRC-SUBDERE","territorial_catalogue_complete","2026-09-19","Antártica (12202) no tiene municipalidad propia; su agrupación es administrada por Cabo de Hornos."
"CL-MUN-15101","Municipalidad de Arica","","Administración territorial","Municipalidad","","Comunal","15","Región de Arica y Parinacota","15101","Arica","Gobierno local","Municipalidad autónoma","SRC-SUBDERE","territorial_catalogue_complete","2026-09-19","Antártica (12202) no tiene municipalidad propia; su agrupación es administrada por Cabo de Hornos."
"CL-MUN-15102","Municipalidad de Camarones","","Administración territorial","Municipalidad","","Comunal","15","Región de Arica y Parinacota","15102","Camarones","Gobierno local","Municipalidad autónoma","SRC-SUBDERE","territorial_catalogue_complete","2026-09-19","Antártica (12202) no tiene municipalidad propia; su agrupación es administrada por Cabo de Hornos."
"CL-MUN-15201","Municipalidad de Putre","","Administración territorial","Municipalidad","","Comunal","15","Región de Arica y Parinacota","15201","Putre","Gobierno local","Municipalidad autónoma","SRC-SUBDERE","territorial_catalogue_complete","2026-09-19","Antártica (12202) no tiene municipalidad propia; su agrupación es administrada por Cabo de Hornos."
"CL-MUN-15202","Municipalidad de General Lagos","","Administración territorial","Municipalidad","","Comunal","15","Región de Arica y Parinacota","15202","General Lagos","Gobierno local","Municipalidad autónoma","SRC-SUBDERE","territorial_catalogue_complete","2026-09-19","Antártica (12202) no tiene municipalidad propia; su agrupación es administrada por Cabo de Hornos."
"CL-MUN-16101","Municipalidad de Chillán","","Administración territorial","Municipalidad","","Comunal","16","Región de Ñuble","16101","Chillán","Gobierno local","Municipalidad autónoma","SRC-SUBDERE","territorial_catalogue_complete","2026-09-19","Antártica (12202) no tiene municipalidad propia; su agrupación es administrada por Cabo de Hornos."
"CL-MUN-16102","Municipalidad de Bulnes","","Administración territorial","Municipalidad","","Comunal","16","Región de Ñuble","16102","Bulnes","Gobierno local","Municipalidad autónoma","SRC-SUBDERE","territorial_catalogue_complete","2026-09-19","Antártica (12202) no tiene municipalidad propia; su agrupación es administrada por Cabo de Hornos."
"CL-MUN-16103","Municipalidad de Chillán Viejo","","Administración territorial","Municipalidad","","Comunal","16","Región de Ñuble","16103","Chillán Viejo","Gobierno local","Municipalidad autónoma","SRC-SUBDERE","territorial_catalogue_complete","2026-09-19","Antártica (12202) no tiene municipalidad propia; su agrupación es administrada por Cabo de Hornos."
"CL-MUN-16104","Municipalidad de El Carmen","","Administración territorial","Municipalidad","","Comunal","16","Región de Ñuble","16104","El Carmen","Gobierno local","Municipalidad autónoma","SRC-SUBDERE","territorial_catalogue_complete","2026-09-19","Antártica (12202) no tiene municipalidad propia; su agrupación es administrada por Cabo de Hornos."
"CL-MUN-16105","Municipalidad de Pemuco","","Administración territorial","Municipalidad","","Comunal","16","Región de Ñuble","16105","Pemuco","Gobierno local","Municipalidad autónoma","SRC-SUBDERE","territorial_catalogue_complete","2026-09-19","Antártica (12202) no tiene municipalidad propia; su agrupación es administrada por Cabo de Hornos."
"CL-MUN-16106","Municipalidad de Pinto","","Administración territorial","Municipalidad","","Comunal","16","Región de Ñuble","16106","Pinto","Gobierno local","Municipalidad autónoma","SRC-SUBDERE","territorial_catalogue_complete","2026-09-19","Antártica (12202) no tiene municipalidad propia; su agrupación es administrada por Cabo de Hornos."
"CL-MUN-16107","Municipalidad de Quillón","","Administración territorial","Municipalidad","","Comunal","16","Región de Ñuble","16107","Quillón","Gobierno local","Municipalidad autónoma","SRC-SUBDERE","territorial_catalogue_complete","2026-09-19","Antártica (12202) no tiene municipalidad propia; su agrupación es administrada por Cabo de Hornos."
"CL-MUN-16108","Municipalidad de San Ignacio","","Administración territorial","Municipalidad","","Comunal","16","Región de Ñuble","16108","San Ignacio","Gobierno local","Municipalidad autónoma","SRC-SUBDERE","territorial_catalogue_complete","2026-09-19","Antártica (12202) no tiene municipalidad propia; su agrupación es administrada por Cabo de Hornos."
"CL-MUN-16109","Municipalidad de Yungay","","Administración territorial","Municipalidad","","Comunal","16","Región de Ñuble","16109","Yungay","Gobierno local","Municipalidad autónoma","SRC-SUBDERE","territorial_catalogue_complete","2026-09-19","Antártica (12202) no tiene municipalidad propia; su agrupación es administrada por Cabo de Hornos."
"CL-MUN-16201","Municipalidad de Quirihue","","Administración territorial","Municipalidad","","Comunal","16","Región de Ñuble","16201","Quirihue","Gobierno local","Municipalidad autónoma","SRC-SUBDERE","territorial_catalogue_complete","2026-09-19","Antártica (12202) no tiene municipalidad propia; su agrupación es administrada por Cabo de Hornos."
"CL-MUN-16202","Municipalidad de Cobquecura","","Administración territorial","Municipalidad","","Comunal","16","Región de Ñuble","16202","Cobquecura","Gobierno local","Municipalidad autónoma","SRC-SUBDERE","territorial_catalogue_complete","2026-09-19","Antártica (12202) no tiene municipalidad propia; su agrupación es administrada por Cabo de Hornos."
"CL-MUN-16203","Municipalidad de Coelemu","","Administración territorial","Municipalidad","","Comunal","16","Región de Ñuble","16203","Coelemu","Gobierno local","Municipalidad autónoma","SRC-SUBDERE","territorial_catalogue_complete","2026-09-19","Antártica (12202) no tiene municipalidad propia; su agrupación es administrada por Cabo de Hornos."
"CL-MUN-16204","Municipalidad de Ninhue","","Administración territorial","Municipalidad","","Comunal","16","Región de Ñuble","16204","Ninhue","Gobierno local","Municipalidad autónoma","SRC-SUBDERE","territorial_catalogue_complete","2026-09-19","Antártica (12202) no tiene municipalidad propia; su agrupación es administrada por Cabo de Hornos."
"CL-MUN-16205","Municipalidad de Portezuelo","","Administración territorial","Municipalidad","","Comunal","16","Región de Ñuble","16205","Portezuelo","Gobierno local","Municipalidad autónoma","SRC-SUBDERE","territorial_catalogue_complete","2026-09-19","Antártica (12202) no tiene municipalidad propia; su agrupación es administrada por Cabo de Hornos."
"CL-MUN-16206","Municipalidad de Ranquil","","Administración territorial","Municipalidad","","Comunal","16","Región de Ñuble","16206","Ranquil","Gobierno local","Municipalidad autónoma","SRC-SUBDERE","territorial_catalogue_complete","2026-09-19","Antártica (12202) no tiene municipalidad propia; su agrupación es administrada por Cabo de Hornos."
"CL-MUN-16207","Municipalidad de Treguaco","","Administración territorial","Municipalidad","","Comunal","16","Región de Ñuble","16207","Treguaco","Gobierno local","Municipalidad autónoma","SRC-SUBDERE","territorial_catalogue_complete","2026-09-19","Antártica (12202) no tiene municipalidad propia; su agrupación es administrada por Cabo de Hornos."
"CL-MUN-16301","Municipalidad de San Carlos","","Administración territorial","Municipalidad","","Comunal","16","Región de Ñuble","16301","San Carlos","Gobierno local","Municipalidad autónoma","SRC-SUBDERE","territorial_catalogue_complete","2026-09-19","Antártica (12202) no tiene municipalidad propia; su agrupación es administrada por Cabo de Hornos."
"CL-MUN-16302","Municipalidad de Coihueco","","Administración territorial","Municipalidad","","Comunal","16","Región de Ñuble","16302","Coihueco","Gobierno local","Municipalidad autónoma","SRC-SUBDERE","territorial_catalogue_complete","2026-09-19","Antártica (12202) no tiene municipalidad propia; su agrupación es administrada por Cabo de Hornos."
"CL-MUN-16303","Municipalidad de Ñiquén","","Administración territorial","Municipalidad","","Comunal","16","Región de Ñuble","16303","Ñiquén","Gobierno local","Municipalidad autónoma","SRC-SUBDERE","territorial_catalogue_complete","2026-09-19","Antártica (12202) no tiene municipalidad propia; su agrupación es administrada por Cabo de Hornos."
"CL-MUN-16304","Municipalidad de San Fabián","","Administración territorial","Municipalidad","","Comunal","16","Región de Ñuble","16304","San Fabián","Gobierno local","Municipalidad autónoma","SRC-SUBDERE","territorial_catalogue_complete","2026-09-19","Antártica (12202) no tiene municipalidad propia; su agrupación es administrada por Cabo de Hornos."
"CL-MUN-16305","Municipalidad de San Nicolás","","Administración territorial","Municipalidad","","Comunal","16","Región de Ñuble","16305","San Nicolás","Gobierno local","Municipalidad autónoma","SRC-SUBDERE","territorial_catalogue_complete","2026-09-19","Antártica (12202) no tiene municipalidad propia; su agrupación es administrada por Cabo de Hornos."
